1EAY_A:C,3CHY:A:1.84035003185,1EAY:C:0.0
1A22_A:B,1HGU:A:3.8487341404,1A22:B:0.0
1A2K_A:CD,1GY6:B:0.768105506897,5CIQ:BA:19.6968193054
1A6E_A:B,1A6E:A:0.0,1A6E:B:0.0
1ACB_E:I,1EGL:A:1.37515890598,2CGA:B:1.74658501148
1AGR_A:E,1CIP:A:0.918627858162,1AGR:E:0.0
1AIP_A:CD,2C78:A:9.68444347382,1AIP:CD:0.0
1AK4_A:D,5F66:A:0.511929690838,2JPR:A:1.82059288025
1AM4_A:DE,1AM4:A:0.0,2KB0:A:3.33002638817
1LDT_T:L,2A31:A:0.571154177189,2KMR:A:6.87030363083
1ARO_P:L,4RNP:B:2.53499865532,1LBA:A:0.659218430519
1ATN_A:D,2HF4:A:1.03236210346,3DNI:A:0.409525483847
1AVW_A:B,2A31:A:0.468061983585,1AVU:A:0.750172972679
1AVZ_B:C,1SHF:B:0.997795164585,1AVV:A:0.682784199715
1AY7_A:B,1LNI:B:0.543785452843,1BTB:A:1.13994896412
1B2S_A:D,1A2P:B:0.518053531647,1A19:B:0.610264897346
1B41_A:B,1C2O:D:0.601704418659,1FSC:A:0.801330626011
1B6C_A:B,2PPN:A:0.461554646492,3KCF:E:1.83690178394
1BDJ_A:B,3CHY:A:1.14341270924,2A0B:A:0.536243617535
1BI7_A:B,5L2S:A:2.25486421585,2A5E:A:1.72151112556
1BI8_A:B,5L2S:A:1.95132029057,1AP7:A:1.87220156193
1BKD_R:S,2II0:A:2.22092628479,1CTQ:A:3.21322059631
1BLX_A:B,5L2S:A:1.10988092422,1AP7:A:1.96179699898
1BML_A:CD,5UGG:A:1.16857719421,1BML:CD:0.0
1BP3_A:B,1HGU:A:3.60681271553,1BP3:B:0.0
3BTE_E:I,1BPI:A:1.19120132923,4I8H:A:0.309795856476
1BRS_A:D,1A2P:B:0.485696971416,1AB7:A:1.28953707218
1BUH_A:B,1JVP:P:1.26191997528,1DKT:B:0.864444792271
1BUI_A:C,5UGG:A:0.963626980782,2SAK:A:1.67466330528
1BVN_P:T,1PIG:A:0.644677042961,1OK0:A:0.429760068655
1BXI_A:B,1IMQ:A:1.7141354084,1FSJ:E:0.611534893513
1BZQ_A:LM,2E3W:A:0.546944916248,4PPT:A:2.14458632469
3BTD_E:I,1BPI:A:1.1775803566,4I8H:A:0.315489768982
1C0F_S:A,2GWJ:A:1.02632904053,5DD2:G:1.11155569553
1C0G_S:A,3EKS:A:1.07713961601,5DD2:G:1.06495440006
1C1Y_A:B,3X1X:A:1.39402246475,1RFA:A:1.5693179369
1CD9_A:BD,1BGE:B:1.87212109566,1CD9:BD:0.0
1CGI_E:I,1HPT:A:1.78261840343,2CGA:B:1.47011983395
1CGJ_E:I,1HPT:A:1.31189501286,2CGA:B:1.45513796806
1CLV_A:I,1JAE:A:0.496288269758,1QFD:A:0.897848546505
1CN4_A:C,1ERN:B:2.24752902985,1BUY:A:3.32784748077
1CO7_E:I,1CO7:I:0.0,1DPO:A:0.41427475214
1CSE_E:I,1EGL:A:1.24883973598,3UNX:A:2.08027791977
1CT4_E:I,2GKR:I:0.622157990932,2QAA:B:0.349861115217
1D4X_A:G,3EKS:A:1.03684186935,5DD2:G:1.23586952686
1D6R_A:I,4I8H:A:0.259972512722,1K9B:A:1.01535224915
1DEJ_S:A,3EKS:A:1.06111180782,5DD2:G:1.09031844139
1DFJ_E:I,2BNH:A:1.51463401318,2E3W:A:0.61462700367
1DJS_A:B,1DJS:A:0.0,2AXM:B:0.822733342648
1DKF_A:B,1G5Y:D:7.65085935593,1FD0:A:2.08329868317
1DOA_A:B,1A4R:B:3.17009711266,1DOA:B:0.0
1DS6_A:B,2C2H:B:0.837961494923,1DS6:B:0.0
1DTD_A:B,1DTD:A:0.0,1ZFL:A:2.13606119156
1E0O_A:B,2AFG:D:0.66447776556,1E0O:B:0.0
1E4K_A:C,3C2S:A:2.41166138649,1E4J:A:1.56191527843
1E50_A:BD,1LJM:B:1.05588662624,1CL3:A:4.3018579483
1E6E_A:B,1CJC:A:1.08892309666,1L6V:A:2.31577324867
1E94_A:E,4G4E:E:0.844306111336,1G41:A:0.899821162224
1E96_A:B,2C2H:B:0.974573671818,1WM5:A:0.69556003809
1E9H_A:B,1JVP:P:2.57893848419,1VIN:A:0.397846907377
1EER_A:BC,1BUY:A:4.08209896088,1ERN:BA:23.1815490723
1EJM_A:BF,4I8H:A:0.743442475796,1LD5:A:1.4336616993
1ESV_S:A,2VYP:B:1.59527754784,5DD2:G:1.07434296608
1ES7_A:BD,4MID:A:1.07977056503,1ES7:BD:0.0
1ETH_A:B,1HPL:B:4.06587743759,1PCO:A:4.00260925293
1UDI_E:I,1UGI:E:0.982361257076,1UDH:A:0.472281605005
1EUV_A:B,2HL9:A:0.695208370686,1L2N:A:6.12509250641
1EV2_A:EH,1BFF:A:0.831065416336,1EV2:EH:0.0
1EWY_A:C,1OGJ:A:0.981374025345,1CZP:B:0.797294616699
1EZS_A:CD,1ECY:A:1.31190562248,1ANE:A:0.366975009441
1F34_A:B,1PSA:B:0.903508663177,1F32:A:1.0502281189
1F3V_A:B,1F2H:A:5.04192018509,1CA4:E:0.558812201023
1F7Z_A:I,1TRN:B:0.567104518414,3AUC:B:0.682828366756
1F6A_A:BD,1F2Q:A:1.91634714603,1FP5:A:2.90292739868
1F6M_A:C,1TRB:A:7.3163433075,2TRX:B:1.07922947407
1F8U_A:B,1Q84:B:0.570199012756,1FSC:A:0.795478641987
2FAP_A:B,2PPN:A:0.452179461718,1AUE:B:0.470454931259
1FC2_C:D,2SPZ:A:2.27300977707,1FC1:B:0.770315408707
1FCC_A:C,4WI4:B:1.40836918354,1MHX:A:2.83603239059
1FFG_A:B,3CHY:A:0.467936873436,1FWP:A:1.83139443398
1FIN_A:BD,1JVP:P:2.38263440132,1VIN:A:0.411379039288
1FLE_E:I,2REL:A:2.41579055786,5AVD:A:0.466663628817
1FLT_V:XY,5ABD:EI:17.3076877594,1MKK:B:1.7278419733
1FQ1_A:B,1FPZ:E:0.88609534502,1JVP:P:2.30347681046
1FQK_A:BD,1TAD:B:0.467728853226,1FQI:A:0.807194471359
1FR2_A:B,1IMQ:A:1.73481428623,1FSJ:E:0.663848876953
1G3I_A:GHL,1G41:A:3.20966815948,1JJW:BCA:22.0681438446
1OFH_A:G,1OFH:A:0.0,1JJW:B:1.76010477543
1G4U_S:R,1G4W:R:1.58043658733,2W2V:D:1.09088945389
1G4Y_B:R,3IF7:A:8.97563648224,1KKD:A:25.7370185852
1G6V_A:K,3KS3:A:0.685764312744,1F2X:K:0.403333604336
1G73_A:CD,1G73:A:0.0,3G76:EB:16.6609745026
1GCQ_A:C,1GFD:A:0.896682739258,1GCP:D:1.0061109066
1GHQ_A:BC,1C3D:A:1.093957901,1LY2:A:0.727486550808
1GL1_A:I,2CGA:B:1.55318820477,1PMC:A:1.76606476307
1GLA_F:G,1BU6:Z:0.674872517586,2F3G:B:0.408271342516
1GPQ_A:CD,1XS0:B:1.23760044575,4LZT:A:0.545989632607
1GPW_A:BD,1THF:D:3.57336306572,1K9V:F:0.635688483715
1GRN_A:B,1A4R:B:1.76193761826,1GRN:B:0.0
1GUA_A:B,3X1X:A:1.40383327007,1RFA:A:1.4052233696
1GXD_A:C,1CK7:A:2.98168921471,1BR9:A:1.96213400364
1H1R_A:B,3EZR:A:1.91353297234,1VIN:A:0.400993704796
1H1V_A:G,2FXU:A:0.785868346691,1NPH:A:2.78695368767
1H59_A:B,1IMX:A:2.53807711601,1BOE:!:0.0
1H9H_E:I,1H9H:I:0.0,2A31:A:0.424482911825
1HCF_A:XY,1B98:M:1.73969507217,1WWB:X:15.6817941666
1HE1_A:CD,1HE9:A:0.924617290497,2G0N:BA:22.937664032
1HE8_A:B,1E8Y:A:1.7763376236,1CTQ:A:0.518847286701
1HH4_A:D,2C2H:B:0.853252887726,1HH4:D:0.0
2BTF_A:P,2OAN:D:1.34558713436,1PNE:A:0.749831080437
1HQY_A:E,4G4E:E:0.854432463646,1G41:A:0.934208512306
1HWG_A:BC,1HGU:A:3.57322597504,1HWG:BC:0.0
1HYR_A:C,1MPU:A:0.866445481777,1JE6:A:4.70435190201
1HZZ_A:C,1L7D:D:0.913847029209,1E3T:A:2.26110625267
1I2M_A:B,5CIQ:B:2.5928235054,1A12:B:0.678626179695
1I4D_A:D,1I49:B:0.985271394253,2C2H:B:0.968156695366
1I4E_A:B,1P35:B:6.7972574234,2K7Z:A:9.21568107605
1I4O_A:C,4HQ0:B:3.39339923859,1I4O:C:0.0
1I85_B:D,1NCN:B:0.882025063038,1AH1:A:2.17662525177
1I8L_A:C,1DR9:A:0.887183010578,1AH1:A:2.19104385376
1IB1_A:EF,1A4O:D:0.839691579342,1KUX:A:0.813722670078
1IBR_A:B,5CIQ:B:3.92086243629,1GCJ:B:3.37985038757
1IIL_A:EGH,4OEE:A:1.56389915943,1IIL:EGH:0.0
1IK9_A:C,5CJ0:B:5.73353910446,2E2W*:!:0.0
1IS8_A:KL,1IS8:A:0.0,1JG5:ED:14.6208677292
1IVO_A:C,1IVO:A:0.0,2KV4:A:3.72818803787
1J2J_A:B,1O3Y:B:0.873634815216,1OXZ*:!:0.0
1JCK_A:BD,1BEC:A:0.383543670177,1CK1:A:0.804311275482
1JIW_P:I,2RN4:A:4.39226436615,1AKL:A:1.1856777668
1JK0_A:B,1SMQ:D:0.407778710127,1SMS:B:1.51566696167
1JK9_A:BD,1JCV:A:0.799159049988,1JK9:BD:0.0
1JLT_A:B,1VPI:A:0.92427957058,1RGB:K:0.839241325855
1JMA_B:A,1L2G:D:14.8505764008,1JMA:B:0.0
1JOW_A:B,1BU2:A:2.8287935257,5L2S:A:1.96550297737
1JST_A:BD,1JVP:P:2.698595047,1VIN:A:0.520484030247
1JTD_A:B,1ERM:A:0.398543089628,3QI0:E:0.330509573221
1JTG_A:B,1BTL:A:0.532153666019,3GMU:B:0.621498942375
1JWH_A:CD,3PE1:A:1.09219634533,2R6M:BA:26.1923084259
1JZD_A:C,4I5Q:B:1.27917051315,1L6P:A:1.16766750813
1K28_A:D,1PDL:B:0.000966866791714,1PDJ:E:0.000961597193964
1K8R_A:B,1CTQ:A:0.583138048649,1I35:!:0.0
1K90_A:D,1K8T:A:9.59496688843,3IF7:A:14.9086198807
1K9O_I:E,1SEK:A:1.49475264549,1DPO:A:0.511856257915
1KAC_A:B,1NOB:E:0.709622144699,3J6M:B:0.000487265584525
1KF9_A:BCF,1HUW:A:2.15287399292,1KF9:BCF:0.0
1KGY_A:EH,1NUK:A:2.66080975533,2I85:A:4.77774190903
1KI1_A:B,2QRZ:B:1.55814695358,1KI1:B:0.0
1KIU_A:B,1BF8:A:3.17326569557,5AB1:B:0.45526945591
1KKL_A:HI,2QMH:E:2.89952754974,1KKL:HI:0.0
1KLF_A:B,1BF8:A:3.05813622475,5AB1:B:0.441224128008
1KMC_A:C,4FDL:B:0.470747470856,1C9Q:A:3.23210501671
1KRL_A:B,1KRL:A:0.0,1KRL:B:0.0
1KTZ_A:B,1TGJ:A:2.17759180069,1PLO:A:1.35867285728
1KU6_A:B,4B85:B:0.481385976076,1FSC:A:0.779048740864
1KXP_A:D,2FXU:A:0.574629485607,1KW2:B:2.12195134163
1KYI_A:GHL,1G41:A:3.22868299484,1JJW:BCA:22.0969657898
1KZ7_A:B,1RJ2:J:2.28732728958,2QRZ:B:3.27734375
1L0Y_A:BD,1BEC:A:2.19658517838,1UUP:DB:17.0770111084
1L6X_A:B,4WI4:B:0.753436803818,1ZDD:A:0.829626023769
1LB1_A:B,1RJ2:J:2.04813909531,3TVD:B:1.52524387836
1LFD_A:BD,1LFD:A:0.0,1XCM:A:2.21369743347
1LOT_A:B,1KW2:B:2.16874861717,2FXU:A:0.720553815365
1LP1_A:B,2B88:A:1.56907510757,2SPZ:A:1.57971835136
1LPB_A:B,1PCO:A:3.11641550064,1HPL:B:4.1179060936
1UUG_A:B,1LQJ:D:0.621698975563,1UGI:E:0.96531778574
1LVC_A:D,1K8T:A:9.69745254517,1PRW:A:14.9960613251
1LW6_E:I,1YPC:I:0.557952940464,1SUP:A:0.295533150434
1LX5_A:B,1LXI:A:1.0994104147,1BTE:B:1.34997057915
1LZW_A:B,1LZW:A:0.0,1K6K:A:1.52269506454
1M10_A:B,1AUQ:A:1.23555409908,1M0Z:B:1.69721496105
1M9X_A:DG,5F66:A:0.518678367138,2PWO:DB:22.2002277374
1MA9_A:B,1KW2:B:2.08176612854,2FXU:A:0.867588222027
1MBX_A:CD,1K6K:A:1.61525154114,1MBX:CD:0.0
1MCW_W:M,3MCG:2:2.64958262444,1JVK:B:4.47348070145
1MDU_A:BE,5DD2:G:1.06371450424,2VYP:BA:22.2353782654
1MEE_A:I,3VYV:B:0.341620177031,1EGL:A:1.0716137886
1MG9_A:B,1MG9:A:0.0,1K6K:A:1.46492946148
1ML0_A:D,1MKF:B:0.771921098232,3IFD:A:0.99406015873
1MQ8_A:B,1MQ8:A:0.0,1MJN:A:1.70861399174
1MZ8_A:BD,1UNK:D:1.25181460381,1M08:BA:21.1243534088
1N8S_A:C,1HPL:B:0.754509627819,1PCO:A:2.90731143951
1NBF_A:CD,1NB8:B:1.57939171791,5NVG:A:1.59577989578
1NF3_A:C,1AJE:A:5.70477771759,2LC6:A:4.38357257843
1NLV_A:G,3EKS:A:0.839439988136,5DD2:G:1.16188812256
1U2G_A:C,1L7D:D:0.899660050869,1E3T:A:2.32759618759
1NMU_A:B,5B3X:A:0.509074449539,1CN7:A:3.1781027317
1NOC_A:B,1NOS:A:1.96142852306,1Q23:E:0.914688885212
1NSG_A:B,2PPN:A:0.452179461718,1AUE:B:0.470454931259
1NVU_Q:S,1LF5:A:1.73780560493,2II0:A:3.63978290558
1NW9_A:B,4KMP:B:0.658106803894,2AR9:D:1.3555341959
1OC0_A:B,4IC0:D:1.11984789371,1SSU:A:1.78821861744
1OFU_A:X,1OFU:A:0.0,1OFU:X:0.0
2J7P_A:D,1NG1:A:2.85073542595,2IYL:D:2.40618848801
1OPH_A:B,1OO8:A:1.33508443832,1UTQ:A:0.321952968836
1OQD_A:KM,1JH5:E:0.226317703724,1OQD:KM:0.0
1OQE_A:KM,1JH5:E:0.23908020556,1OQE:KM:0.0
1OQO_A:C,3V95:B:0.690601408482,1ZDD:A:0.845420837402
1OQS_A:BDF,1VPI:A:0.944944620132,1RGB:KLB:23.8407096863
1OQX_A:C,3V95:B:0.780261218548,1ZDD:A:0.913312017918
1ORY_A:B,1ORJ:D:6.23829841614,4IWB*:!:0.0
1OW3_A:B,1RGP:A:0.637554228306,5C4M:A:1.299441576
1OYV_A:I,3UNX:A:0.338911831379,1PJU:D:0.920281410217
1P2J_A:I,4I8H:A:0.326344668865,1BPI:A:1.20310091972
1P2M_A:BD,2CGA:B:1.61534976959,1BPI:A:1.30356776714
1P3Q_Q:UV,1MN3:A:5.29711818695,5NVG:A:0.998148500919
1P5E_A:B,4FKL:A:4.57997560501,1VIN:A:0.406314343214
1P6A_A:B,1NOB:E:0.674580454826,3J6M:B:0.260531455278
1P8Z_G:A,2VYP:B:0.705962717533,5DD2:G:1.15829849243
1S26_A:D,1K8T:A:9.66524887085,3IF7:A:15.053609848
1PK1_A:B,1KW4:A:1.26054179668,1PK3:B:0.395915806293
1PPF_E:I,1TUS:A:1.4988925457,5ABW:A:0.532521307468
1PVH_A:B,1BQU:B:0.873156487942,1EMR:A:0.858212947845
1PXV_A:CD,1PXV:A:0.0,1NYC:BA:23.4710712433
1QA9_A:B,1GYA:A:1.70469379425,1CI5:A:1.11137330532
1QAB_A:EF,2PAB:B:0.721865952015,1RBP:A:10.5476083755
1QAV_A:B,1Z86:A:1.33098840714,1QAU:A:1.57856118679
1QBK_B:C,5CIQ:B:10.8393630981,2QMR:D:8.00905323029
1QUN_A:B,1BF8:A:3.21579766273,5AB1:B:0.407834559679
3SJQ_A:CD,1PRW:A:15.6152524948,3SJQ:CD:0.0
1R0R_E:I,2GKR:I:0.619493067265,3UNX:A:1.08840966225
1R6O_A:CD,1K6K:A:1.60763061047,1R6O:CD:0.0
1R8S_A:E,1U81:A:4.6853723526,1R8M:E:1.32694125175
1REW_A:CD,3BMP:A:0.956181168556,1REW:CD:0.0
1RGI_G:A,2VYP:B:1.65032708645,1RGI:G:0.0
1RJ9_A:B,2Q9C:B:2.31411528587,2C03:B:2.78799700737
1RLB_A:EF,2PAB:B:0.841745972633,2WQ9:A:0.696657180786
1RV6_V:XY,1QSZ:A:1.06588387489,1FZV*:B:1.58048331738
1S1Q_A:B,1KPQ:A:2.63882517815,5NVG:A:0.743810355663
1S3S_B:H,1S3S:H:0.0,1S3S:B:0.0
1S6V_A:BD,1Z53:A:0.398162782192,3TYI:BA:15.6331758499
1S9D_A:E,1U81:A:3.29475569725,1R8M:E:1.21333765984
1SBB_A:BD,1BEC:A:0.891411781311,1SE4:A:0.530481755733
1SBN_E:I,1EGL:A:1.2314388752,1SUP:A:1.91544485092
2GKV_E:AB,2GKT:I:0.80789911747,2QAA:B:0.474130481482
1SGH_A:B,1GC7:A:1.07791829109,2KRG*:!:0.0
1SGP_E:I,2GKR:I:0.597098112106,2QAA:B:0.351300746202
1SHW_A:B,1SHX:B:0.985285401344,1NUK:A:2.76911115646
1SHY_A:B,1SI5:H:1.09961676598,1SHY:B:0.0
1SLU_A:B,1ECY:A:1.43467879295,1ANE:A:0.635382354259
1SQ0_A:B,4C29:B:1.57323288918,1P9A:G:1.72671723366
1STF_E:I,1STF:I:0.0,9PAP:A:0.352526634932
1SVX_A:B,4J7W:B:0.75248336792,3JYR:A:3.44189620018
1SYX_A:BD,1QGV:A:1.47120141983,1SYX:BD:0.0
1T44_G:A,2GWJ:!:0.0,5DD2:!:0.0
1T6B_X:Y,1SHU:X:1.19484567642,4H2A:A:1.10185241699
1T6G_A:C,1T6E:X:0.737584412098,1BK1:A:0.774837255478
1T8O_A:BD,2CGA:B:1.61879920959,1BPI:A:1.3059848547
1T83_A:C,1FC1:B:1.65654528141,1E4J:A:1.3959826231
1T89_A:C,1FC1:B:1.7794854641,1E4J:A:1.72289669514
1TAB_E:I,2BBI:A:6.87654447556,4I8H:A:0.382797628641
1TAW_A:B,4I8H:A:0.431158334017,1AAP:B:0.327399969101
1TE1_A:B,1OM0:A:0.393540501595,5HXV:E:0.64629483223
2TEC_E:I,1EGL:A:1.08587908745,1THM:A:0.225562468171
1TF0_A:B,1BKE:A:3.97504067421,1PRB:A:2.40886449814
1TFX_A:CD,2A31:A:0.534962236881,1TFX:CD:0.0
1TGZ_A:B,1TH0:B:0.481064766645,5GHD*:A:2.75313711166
1TM3_E:I,1YPC:I:0.483706086874,1SUP:A:0.248284891248
1TO2_E:I,1YPC:I:0.518751680851,1SUP:A:0.266099840403
1TMQ_A:B,1JAE:A:0.395786911249,1BIP:A:2.08387327194
1TPA_E:I,1BPI:A:1.2363140583,4I8H:A:0.311501324177
1TX4_A:B,1TX4:A:0.0,1DPF:A:2.77097964287
1TX6_A:I,2A31:A:0.438606351614,2FJ8:A:1.35286211967
1TXQ_A:B,2HKN:B:10.6161193848,5JVU:B:0.511755347252
1U5I_A:B,1U5I:A:0.0,1DVI:B:2.1068944931
2BCN_A:B,1CCP:A:0.384880065918,1YIC:A:0.981164991856
1U75_A:B,1CCP:A:0.435625493526,3WUI:A:15.2202510834
1U7F_A:B,1MJS:A:1.97211289406,1YGS:A:0.633175194263
1U7V_A:B,1MJS:A:1.98530304432,1YGS:A:0.603236854076
1UAD_A:CD,2KE5:A:2.1399333477,1HK6:A:1.04893553257
1UB4_A:C,3NFC:E:0.901846170425,1UB4:C:0.0
1UEA_A:B,1HY7:B:3.69245648384,1UEA:B:0.0
1UGH_E:I,1UGI:E:0.988830208778,3FCI:A:1.0746537447
1UJZ_A:B,1UNK:D:1.23770523071,1M08:B:0.750482499599
2BCG_G:Y,1YZN:A:2.32930612564,3CPI:G:1.72260355949
1UL1_X:A,3VKX:A:0.859318554401,1UL1:X:0.0
1US7_A:B,2IWX:A:0.676734983921,2W0G*:!:0.0
1UZX_A:B,3R3Q:A:2.92748904228,5NVG:A:0.696993470192
1V5I_A:B,1SUP:A:0.279942244291,1ITP:A:2.13271975517
2B5L_A:C,2B5M:A:9.27160739899,2B5L:C:0.0
2BCX_A:B,3IF7:A:7.69258260727,5J8V*:!:0.0
2BF8_A:B,2BEP:A:0.701243937016,5GHD*:A:1.82962536812
2BKH_A:B,4E7Z:B:8.6558971405,1OOJ:A:15.4229001999
2BKK_A:B,3Q2J:B:1.73760056496,4J7W:B:1.30858743191
2BKR_A:B,2BKQ:D:2.34264779091,1NDD:D:0.802033305168
2BKU_A:B,1BYU*:B:4.02654409409,3ND2:A:8.93702888489
2BKY_A:XY,1Y9X:B:1.37416243553,1UDV:BA:16.7516460419
2BO9_A:BD,2BO9:A:0.0,1WNH:A:0.626993894577
2BOV_A:B,2KE5:A:2.28506231308,2C8A:!:0.0
2BQ1_E:I,1R2F:B:0.50549530983,1PEQ:A:0.706269860268
2C0L_A:B,2C0M:F:3.65776228905,1QND:A:4.03706789017
2C5L_A:C,3KKM:A:1.14928293228,2BYF:A:1.88603210449
2CFH_A:C,2PWN:A:1.02818131447,2BJN:B:2.41055011749
2CH4_A:W,2CH4:A:0.0,1K0S:A:3.34194803238
2CJS_A:C,2CJS:A:0.0,2A20:A:1.791867733
2CKH_A:B,2CKG:B:0.832882881165,1WM2:A:0.76713770628
2DE6_A:DF,1WW9:A:0.894291877747,1VCK:A:0.669351816177
2DFK_A:B,2DFK:A:0.0,1AJE:A:5.40062999725
2E2D_A:C,1ZTQ:D:0.57735824585,1BR9:A:1.96944665909
2E33_A:B,2RJ2:A:1.08623945713,2E3W:A:0.470950126648
2E9W_A:C,2EC8:A:4.71665525436,1EXZ:D:1.81135940552
2EHB_A:D,1V1G:A:3.28134942055,4D28*:!:0.0
2EKE_A:C,2GJD:D:0.41876578331,1L2N:A:5.98303937912
2GJ7_A:F,5DVO:B:2.01119399071,2GJ7:F:0.0
2GOL_A:B,1HIW:S:1.070291996,4NX4:C:1.3107407093
3D5R_A:C,1C3D:A:0.406133115292,2GOM:B:0.500614821911
2GRX_A:C,1QFG:A:1.76577174664,2GRX:C:0.0
2GSK_A:B,2GUF:A:3.55197262764,2GSK:B:0.0
2GTP_A:D,5JS8:A:7.45330667496,2BV1:B:0.497176408768
2EQB_A:BC,4Z8Y:B:3.46494555473,2EQB:BC:0.0
2EUF_A:B,1BU2:A:2.80136871338,5L2S:A:1.83614182472
2F2C_A:B,1BU2:A:2.81602501869,5L2S:A:1.96196842194
2F3C_E:I,1KMA:A:1.78534340858,4I8H:A:0.532885909081
2F5Z_A:K,1ZMD:E:0.345942974091,2F60:K:0.730306446552
2F93_A:B,2KSY:A:1.19525802135,2F93:B:0.0
2FCW_A:B,2FTU:A:4.58973693848,2LGP:A:3.60247182846
4Y0Y_E:I,1BPI:A:1.9577691555,4I8H:A:0.322011083364
2FJU_A:B,2G0N:B:1.33128297329,2ZKM:X:0.986481845379
2FMM_E:ABCD,3I3C:!:0.0,1UTU:!:0.0
2FTK_A:EF,1IXM:B:1.09782958031,1SRR:BC:21.4259681702
2FU5_A:D,1HXR:B:1.02640998363,4LHW:E:3.46707296371
2FUN_A:B,1I3S:B:1.10878717899,2K7Z:A:9.22122192383
3N4I_A:B,1N9B:A:1.16193115711,3GMU:B:0.642158269882
2G45_A:B,2G43:B:17.7260608673,5NVG:A:1.4382982254
2G47_A:C,2JG4:B:0.264637649059,2M9S:A:7.69748687744
2G48_A:C,2JG4:B:0.369953751564,2KB8:A:6.55459928513
2G4D_A:B,2CKG:B:0.597748875618,5GHD*:A:2.69888472557
2G54_A:C,2JG4:B:0.370438247919,1HO0:A:3.54416155815
2G56_A:C,2JG4:B:0.287836849689,1HO0:A:5.18343305588
2G77_A:B,1FKM:A:0.971745967865,1Z06:A:1.47185373306
3DDQ_A:BD,4FKL:A:4.59573411942,1VIN:A:0.410331368446
2GA9_A:D,3MCT:A:0.534069478512,3OWG:B:0.65808236599
1W1I_A:F,3EIO:B:0.528917729855,1VFL:A:0.650388836861
5E0K_A:BF,1GEQ:B:0.696903884411,5IXJ:DB:20.8644695282
1WPL_A:KL,1WPL:A:0.0,1JG5:ED:14.4745883942
1WQ1_R:G,1CTQ:A:0.58946621418,1WER:A:0.97430574894
1WRD_A:B,2N9D:A:1.32988917828,5NVG:A:1.01529800892
1WTH_A:D,1PDL:B:0.440941572189,1PDJ:E:1.43575012684
1WWW_V:XY,4CRP:A:11.0497522354,4EAX:D:2.20973944664
1X75_A:CD,1X75:A:0.0,3VUB:A:0.757503509521
1X86_A:B,1TXD:A:4.85884094238,5C4M:A:1.68221783638
1XD3_A:BD,1UCH:A:1.17927873135,5NVG:A:0.927829802036
1XFX_A:O,1XFX:A:0.0,1PRW:A:14.2843675613
1XO2_A:B,1BU2:A:2.78548717499,5L2S:A:1.81611275673
1XT9_A:B,2BKQ:D:2.41135716438,1NDD:D:0.813927948475
1XU1_A:RT,1U5X:A:0.543087184429,1XUT:A:3.17941069603
1XU2_A:RT,1U5X:A:0.52390062809,2KN1:A:1.49704170227
1XX9_A:CD,5EXN:A:0.74716335535,1ECY:A:1.92263245583
1Y34_E:I,1YPC:I:0.562432706356,1SUP:A:0.265247166157
1Y4H_A:C,1Y4H:A:0.0,1QWX:B:0.706861615181
1Y64_A:B,2FXU:A:1.02064049244,1UX5:A:10.3303976059
1YAG_A:G,3EKS:A:1.8093791008,5DD2:G:1.14324522018
1YI5_A:FJ,3ZDH:E:1.34665453434,4AEA:BA:22.6707439423
1YKT_A:B,1DPO:A:0.389351576567,1UUA:A:1.71785259247
1YU6_A:C,3UNX:A:0.283603787422,1YU6:C:0.0
1Z0K_A:B,1YU9:A:0.503204584122,1Z0K:B:0.0
1Z2C_A:BD,5C4M:A:1.38181364536,1Z2C:BD:0.0
1Z5Y_D:E,2B1K:!:0.0,3PFU:A:1.19000697136
1ZBX_A:B,1M4Z:B:2.67301869392,1Z1A:B:0.896029114723
1ZHH_A:B,4YR7:B:3.62002396584,2HJE:A:0.735575079918
1ZJD_A:B,1ZLR:A:0.726396501064,1AAP:B:0.536310493946
1ZLH_A:B,3I1U:A:0.439971804619,2K2X:A:5.63279151917
1ZLI_A:B,2JEW:A:0.61304295063,2K2X:A:5.56784534454
3B82_A:BF,1N0U:A:15.0961112976,1AER:BA:26.432756424
1ZM9_A:BF,1N0U:A:14.9563322067,1AER:BA:26.6076583862
1ZY8_A:K,1ZMD:E:0.490167796612,1ZY8:K:0.0
2A19_A:B,1Q46:A:1.17628443241,3UIU:B:1.5722233057
2A42_A:B,2FXU:A:0.818760871887,3DNI:A:0.894078552723
2A5T_A:B,1PB7:A:0.584173321724,2A5S:A:1.19862556458
2A5Y_A:B,1OHU:!:0.0,3LQQ:!:0.0
2A9K_A:B,2KE5:A:2.170753479,2C8A:D:0.936097562313
2ABZ_A:CD,3I1U:A:0.371346652508,1ZFL:A:2.16206598282
2AQ1_A:B,2APW:A:0.775677502155,3BVM:A:0.613060951233
2AQ2_A:B,2APF:A:0.943967044353,3BVM:A:0.455344289541
2ARP_A:F,2ARV:B:2.47212266922,1LR9*:!:0.0
2AYO_A:B,2AYN:B:1.76652789116,5NVG:A:1.50814032555
4P4Q_A:BD,2EUT:A:0.46568363905,5KLU:BA:23.477519989
2B42_A:B,1T6E:X:0.562507748604,1XNB:A:1.01662242413
2B4S_A:B,2F71:A:3.48793363571,4IBM:B:5.18827962875
2PTT_A:B,2PTV:A:1.70219182968,2PTU:D:0.94877409935
2QB0_A:D,2QB1:B:0.592667281628,2QB0:D:0.0
2QCS_A:B,1RE8:A:0.61641728878,1RL3:B:14.2587614059
2QJ9_A:DC,4MID:A:0.927184700966,2QJ9:DC:0.0
2QWO_A:B,2QWL:B:0.712508738041,1NZ6:B:0.33947494626
3VEQ_B:A,4WBC:A:1.13234746456,4I8H:A:0.374274641275
2R6A_A:C,2R6D:E:6.81662225723,1Z8S:A:10.8196926117
2R9P_A:E,5TP0:A:0.479400068521,1BPI:A:1.23527920246
2RA3_A:C,1TRN:B:0.447223246098,1BPI:A:0.80312693119
2RD0_A:B,2RD0:A:0.0,2RD0:B:0.0
2RD7_A:C,2QQH:!:0.0,1LF7:!:0.0
2REX_A:B,2JPH:A:3.66707158089,2CLS:B:0.59829390049
2RHK_A:CD,2KKZ:A:1.24354493618,2RHK:CD:0.0
3HY2_A:XY,1QQ2:B:3.15780639648,1XW3:A:1.26105904579
2SIC_E:I,3SSI:A:0.63619697094,1SUP:A:0.248248264194
2SNI_E:I,2CI2:I:0.459476649761,1SUP:A:0.248430639505
2TGP_Z:I,1BPI:A:1.22967135906,1BTY:A:0.921366989613
2UUY_A:B,4I8H:A:0.400245219469,2UUX:A:1.79342579842
2IW5_A:B,2HKO:A:1.92933475971,2IW5:B:0.0
2UY6_A:BC,3DPA:A:1.42159068584,5FLU:EB:28.2006969452
2UYZ_A:B,5F6E:A:0.526321291924,5GHD*:A:1.82048177719
2IW9_A:BD,3EZR:A:1.94727194309,1VIN:A:0.391431123018
2UZX_A:BD,2WQU:E:0.612304627895,2UZX:BD:0.0
2V1C_A:C,1VDD:D:1.20978164673,1U5K:B:1.06106042862
2V4H_A:CD,2V4H:A:0.0,2JAB:BC:18.4807834625
2V4Z_A:B,1CIP:A:0.898495197296,2AF0:A:1.1434276104
2V55_A:B,3V8S:D:1.57834935188,1GWN:C:0.730065524578
2V5P_A:D,2V5P:A:0.0,5L3L:A:0.910713493824
2V5Q_A:D,2YAC:A:0.922275900841,2BKG:B:0.694786548615
2V8S_E:V,2QY7:B:0.95010638237,2QYW:A:1.6115899086
2V9T_A:B,2V9R*:!:0.0,2V9S:!:0.0
2VB6_A:B,4PFO:A:8.13224220276,1OOJ:A:15.7848262787
2VCP_A:D,2FXU:A:0.836332261562,2VCP:D:0.0
2VDB_A:B,1BKE:A:1.71656346321,1PRB:A:2.35235953331
2VLN_A:B,1IMQ:A:1.66419744492,1FSJ:E:1.32715296745
2VRW_A:B,2W2V:D:1.33516287804,2VRW:B:0.0
2VSM_A:B,2VWD:B:0.809283971786,2I85:A:3.44942855835
2VU8_E:I,1WO9:A:3.18407678604,1PQ7:A:0.462326258421
2W19_A:C,5CKV:B:1.88990473747,2VKL:A:2.87822818756
2W80_A:DF,2W80:A:0.0,2KC0:A:2.77580976486
2W9L_A:Q,3J6M:B:0.55042552948,2J2J:E:0.311379313469
2WAX_A:BD,2WAX:A:0.0,2WAX:BD:0.0
2WBL_A:CD,2NTX:B:2.01839995384,3BWD:D:1.26439857483
2J12_A:B,4XQA:B:0.610576272011,1EAJ:B:1.42157638073
2WDT_A:BD,2WE6:B:0.725132226944,5NVG:A:1.04150736332
2WEL_A:D,2V7O:A:15.9139156342,1PRW:A:3.80414366722
2WG4_A:B,3N1R:A:0.646081984043,2WFT:B:2.2367477417
2WG3_A:C,2WFQ:A:3.5465502739,2WFT:B:1.38658297062
2WJZ_A:B,1THF:D:0.976070404053,1K9V:F:0.67169034481
2WK3_A:C,4GSF:B:0.318094611168,5KK3:O:1.90890014172
2WO2_A:B,2WO1:B:3.26894521713,2I85:A:3.19138169289
2WPT_A:B,2NO8:A:1.6825145483,1FSJ:E:0.565571308136
2WQA_A:EF,4D7B:B:0.603631734848,2WR6:A:0.682185769081
2WQZ_A:D,3BE8:B:1.05135560036,3BOD:A:1.34081041813
2WWX_A:B,3NKV:B:5.29073953629,3JZ9:!:0.0
2WY7_A:Q,1C3D:A:0.676559150219,2WY7:Q:0.0
2X0B_A:BH,4AMT:A:3.22273468971,2WXW:A:3.25538539886
2X0G_A:B,2XUU:A:1.15197396278,3IF7:A:8.79919338226
2X2D_B:E,5F66:A:0.525730907917,4NX4:C:1.20873725414
2X51_A:B,4PFO:A:9.02875518799,1OOJ:A:16.0911445618
2X83_A:B,4NX4:C:1.67212331295,5T9Z:A:0.491119682789
2X8B_A:B,1Q84:B:0.61328625679,1FSC:A:0.83060503006
2X9A_A:BD,2X9B:B:0.467722982168,2X9A:BD:0.0
2XAC_A:CX,2C7W:B:2.7283346653,5ABD:EI:16.0047397614
2XB6_A:C,3BE8:B:0.979630827904,3BOD:A:0.83095651865
2XBB_A:CD,2XBF:A:9.78389453888,5NVG:A:1.43438875675
2GWF_A:BDF,2GWF:A:0.0,2OGB:BA:17.5566806793
2GY7_A:B,1Z3S:B:0.642964184284,2GY5:A:0.701614260674
2GYK_A:B,1IMQ:A:1.81042253971,1FSJ:E:0.976640820503
2GZD_A:CD,5EZ5:B:1.06812489033,2GZD:CD:0.0
2GZH_A:B,5EZ5:B:1.17421019077,2GZH:B:0.0
2H1L_A:M,1N25:B:2.01202988625,2FEJ:A:2.0936088562
2H7V_A:CD,2P2L:B:1.76947522163,2H7O:A:1.84134626389
2HDI_A:B,2HDF:A:4.30884122849,1CII*:!:0.0
2HKQ_A:B,1WU9:B:3.2514731884,2HKN:B:10.6374454498
2HQS_A:HC,4PWZ:B:1.11343801022,1OAP:A:0.591413259506
2HRK_A:B,2HRA:B:1.10593760014,2HQT:O:0.603457689285
2I25_N:LM,4LZT:A:0.541923165321,2I24:N:1.02853083611
2I26_N:L,4LZT:A:0.603956401348,2I27:N:0.916361093521
2I2R_A:EH,2I2R:A:0.0,2I2R:EH:0.0
2I9B_A:EH,2I9A:D:1.62363922596,3U74:U:5.79256343842
2IDO_A:B,1J54:A:0.56527531147,1SE7:A:6.54883623123
2IFG_A:EF,2IFG:A:0.0,4EAX:DB:21.4166469574
2IHB_A:B,5JS8:A:7.26275205612,2DLR:!:0.0
2IK8_A:BD,5JS8:A:7.49545955658,3C7L:BA:15.7610530853
2IO0_A:B,1TH0:B:0.940005600452,2AWT:A:5.16129255295
2IOU_A:H,1YU0:A:0.384266197681,1DAB:A:1.14208579063
2IY1_A:B,2IYC:B:0.60380756855,2MW5:A:3.12664794922
2J0T_A:D,1HFC:A:1.77401006222,1D2B:A:2.32405877113
2J1K_A:Q,1EAJ:B:1.02796185017,2J2J:E:0.382225364447
2J4U_Q:S,2J1N:B:2.10461068153,2J4U:S:0.0
2J59_A:MN,1O3Y:B:0.931191146374,2J59:MN:0.0
2JB0_A:B,1UNK:D:0.844493031502,1M08:B:0.554958045483
2JBG_A:BD,1UNK:D:1.22234451771,1M08:BA:19.6166667938
2JGZ_A:B,1JVP:P:2.46761274338,2B9R:B:1.05758523941
2JJS_A:CD,2UV3:B:1.20638525486,2VSC:DB:23.3544654846
2NGR_A:B,1A4R:B:1.75484311581,1RGP:A:0.642263829708
2NPT_A:D,1WI0:A:6.31133699417,2NPT:D:0.0
2NQD_A:B,2NNR:B:0.801463782787,3OF9:A:0.382412850857
2NS1_A:B,1XQF:A:0.776439011097,1GNK:B:4.51086044312
2NTY_A:CD,2NTX:B:2.08785557747,3BWD:D:1.27910578251
2NU2_E:I,2GKR:I:0.661893069744,2QAA:B:0.335625261068
2NU4_E:I,2GKR:I:0.64155203104,2QAA:B:0.371849536896
2NV2_A:B,4WXZ:E:0.543128728867,2NV0:B:1.29559290409
3CJS_A:BC,2ZBR*:!:0.0,2KLM*:!:0.0
2NYZ_A:DE,1MKF:B:0.958477079868,2JP1:BA:34.448135376
2NZ0_A:BD,2NZ0:A:0.0,2NZ0:BD:0.0
2NZ1_A:DE,1MKF:B:0.794557273388,3IFD:A:0.941738128662
2NZ8_A:B,2G0N:B:1.52593541145,1NTY:A:2.42850351334
2O25_A:CD,1YLA:B:0.972160458565,1A3S:A:0.771371304989
2O2V_A:B,1WI0:A:1.26438391209,2PPH:!:0.0
2O39_A:C,3F0Y:E:0.480438530445,1CKL:E:4.31177186966
2O3B_A:B,1ZM8:A:0.374462544918,1KTU:A:4.9644947052
2O8V_A:B,1SUR:!:0.0,3DYR:!:0.0
2OCF_A:D,3ERT:!:0.0,1FNF*:!:0.0
2OCY_A:C,2OCY:A:0.0,4Z8Y:B:3.55583882332
2ODE_A:BD,1CIP:A:0.872990846634,2IHD:A:0.442042469978
2ONL_A:CD,3ZYA:A:1.53553330898,1NXK:DB:25.0822620392
2OOB_A:B,2OOA:B:0.610402524471,5NVG:A:0.704434037209
2OT3_A:B,1TXU:A:1.15131831169,1Z0I:A:2.0210506916
2OUL_A:B,3BPF:D:0.571389853954,2NNR:B:0.510126888752
2OV2_A:IJ,2G0N:B:1.11713778973,2OV2:IJ:0.0
2OXQ_A:C,3TGD:A:0.699334740639,2OXQ:C:0.0
2OZA_A:B,3GOK:E:4.88764095306,3P7B:A:1.45122730732
2OZN_A:B,2O4E:A:1.29376506805,2JNK:A:2.66230273247
2P45_A:B,2E3W:A:0.480944365263,4PPT:A:2.14408683777
2PCB_A:B,1CCP:A:0.360174655914,3WUI:A:15.1753072739
2PCC_A:BD,1CCP:A:0.343688189983,1YCC:A:0.491631954908
2PE6_A:B,1A3S:A:0.7008715868,2MW5:A:2.4857814312
2POP_A:B,2POM:A:1.30573368073,2POI:A:0.770362019539
2PTC_E:I,1BPI:A:1.22718155384,4I8H:A:0.312533915043
3C7N_A:B,2QXL:B:1.84048330784,4FL9:A:19.5720596313
3C9A_A:C,3CGU:B:7.25680589676,3CA7:A:0.723503649235
3CBJ_A:B,1GMY:B:4.06828212738,2NNR:B:0.936231791973
3CH5_A:B,5CIQ:B:0.536933362484,2K0C:A:2.67057442665
3CIP_A:G,3EKS:A:0.855181097984,5DD2:G:1.09528028965
3CJB_A:G,2VYP:B:1.57099246979,5DD2:G:1.06632316113
3CJK_A:B,3IWL:A:0.352800279856,1KVJ:A:1.11654293537
3CPH_G:A,1G17*:B:1.77505874634,3CPI:G:1.67872560024
3CPJ_G:B,3RWO:B:2.10648202896,3CPI:G:1.6385768652
3CQX_A:D,1HPM:A:1.45586454868,3D0T:D:1.35491800308
3CRK_A:CD,1JM6:B:1.27652549744,3CRK:CD:0.0
3CSL_A:C,3CSL:A:0.0,1DK0:B:1.30934453011
3CU1_A:BD,3CAF:A:0.425378531218,1DZC:A:6.16499757767
3CX8_A:B,1ZCB:A:1.39387822151,1HTJ:F:1.18973648548
3CX7_A:B,1ZCB:A:1.50663328171,1HTJ:F:1.15091848373
3CZU_A:B,3C8X:A:2.39760518074,3CZU:B:0.0
3D1M_A:D,3N1O:B:0.556474745274,1X4Y:A:1.319049716
3D2F_A:B,2QXL:B:1.06134998798,1S3X:A:3.97445034981
3N06_A:B,2Q98:A:1.80399119854,3N06:B:0.0
3D4U_A:B,3D4U:A:0.0,2K2X:A:5.49794769287
3D5O_A:F,4AVS:E:0.639828920364,1FCG:A:1.48597168922
3D65_I:E,3BYB:B:0.410701662302,4I8H:A:0.305334240198
3D7T_A:B,1BYG:A:1.98987746239,2OIQ:B:1.10095119476
3DA7_A:D,3DA7:A:0.0,1A19:B:0.558256685734
3DAW_A:B,2VYP:B:1.91880655289,2D8B:!:0.0
3DGE_A:CD,2C2A:A:5.19909477234,3GL9:DB:14.5673046112
3DWG_A:C,5I6D:D:2.65152144432,3DWM:B:0.512305378914
3DXE_A:B,5NQH:D:3.10658764839,3DXE:B:0.0
3E1Z_A:B,2NNR:B:1.47111201286,1PPN:A:0.364220529795
3E4Z_A:C,4GSF:B:0.301744312048,5L3L:A:4.75063562393
3E50_A:C,2JG4:B:0.384305477142,4TGF:A:1.76462078094
5E95_B:A,1XCM:A:2.47671175003,1TTG:A:2.23814105988
3E95_A:C,2R0J:A:1.0470635891,2Q0V:A:0.444182962179
3EA5_A:B,5CIQ:B:3.98085427284,3ND2:A:10.0509576797
3EB6_A:B,3EB5:A:1.32660222054,2ESK:A:0.913823783398
3EG5_A:B,2KB0:A:3.4240899086,3EG5:B:0.0
3EGG_A:C,1JK7:A:0.651923418045,3EGG:C:0.0
2ZU6_A:BE,2ZU6:A:0.0,3EIJ:BA:35.5784606934
3ENH_A:D,3EN9:B:1.33668470383,2K8Y:A:1.60175919533
4ODB_A:DF,4ODB:A:0.0,4ODB:DF:0.0
3ETB_F:JK,3INO:BA:24.3086490631,3ESV:F:0.774139463902
3EZQ_A:BD,1DDF:A:11.9724388123,3EZQ:BD:0.0
3F1P_A:B,1P97:A:1.55176651478,2HV1:B:1.93835103512
3F7P_A:CE,3F7P:A:0.0,3F7R:A:4.04216003418
3HPH_A:EF,3HPH:A:0.0,3HPH:EF:0.0
3FAP_A:B,2PPN:A:0.606492400169,1AUE:B:0.500178337097
3FF8_A:C,3FF8:A:0.0,3FF9:B:0.685805559158
3FFK_A:BE,3FFK:A:0.0,2VYP:BA:25.0956287384
3FMO_A:B,2OIT:A:0.680950284004,3EWS*:!:0.0
3FHI_A:B,1RE8:A:0.676803588867,3PNA:B:3.39229631424
3FM8_A:CD,3FM8:A:0.0,3LJU:X:3.43803262711
3FN1_A:B,2LQ7:A:3.0154979229,2EDI:A:2.16347837448
3FP8_E:I,1BPI:A:0.437395781279,1DPO:A:0.336421847343
3FPU_A:B,3FPR:D:1.08415544033,5COR:E:3.29261350632
4G8A_A:CD,2Z63:A:2.63854718208,4G8A:CD:0.0
3G3A_A:BH,3G39:A:0.590563237667,4LZT:A:0.833175301552
3G3B_A:BD,3G39:A:0.571161031723,4LZT:A:1.36467087269
3HPW_A:C,3VUB:A:0.728250563145,3HPW:C:0.0
3G9W_A:D,1MIX:A:3.92006134987,3G9W:D:0.0
3GB8_A:B,4BSN:A:2.82736420631,3GB8:B:0.0
3GC3_A:B,1G4M:B:1.08691906929,2XZG:A:0.612676739693
3GEW_B:DA,3F65:E:1.18587172031,2J6G:A:6.71652746201
3GFU_A:DB,3F65:E:1.18675732613,2J6G:A:8.56309223175
2XGY_A:B,2XGU:B:2.08288145065,2X25:B:0.3795388937
2XQR_A:BJ,2OXB:A:0.656673431396,2CJ4:BA:25.2666969299
2XQW_A:C,1C3D:A:0.473650366068,3KXV:A:1.67110908031
2XSZ_A:DF,2XSZ:A:0.0,3UK6:EB:28.6424217224
2XT1_A:B,3LRY:B:1.89525568485,2XXC:B:1.52243685722
2XTT_A:B,1KJ0:A:2.54143118858,4I8H:A:0.371940761805
2XV6_A:B,2ONT:A:11.7873325348,2XXC:B:1.71503341198
2XZ0_B:D,1OQ9:A:0.726418018341,2FVF:A:1.70743179321
2Y1R_A:I,2Y1Q:A:0.715528666973,3JTP:D:1.08884525299
2Y7Q_A:BD,1F2Q:A:1.95327925682,1O0V:BA:3.54219174385
2YHO_A:B,2YHN:B:0.742472410202,2ESK:A:1.08656036854
2YVJ_A:B,2GQW:A:0.767131268978,2E4Q:C:0.511691153049
2Z0D_A:B,2CY7:A:5.93104553223,1UGM:A:1.18143510818
2Z35_A:B,1AC6:B:0.879137039185,2APB:A:1.19980931282
2Z65_A:C,2Z62:A:0.839944303036,2Z65:C:0.0
2Z8V_A:CD,4R1B:A:0.694728851318,1VES:BA:24.6463565826
2ZA4_A:B,1A2P:B:0.44510859251,1A19:B:0.53120136261
2ZAE_A:B,2ZAE:A:0.0,1X0T:A:1.32735168934
4LYL_A:BP,1OKB:B:0.488879173994,1UGI:EB:16.1383228302
2ZP8_A:EG,1QAW:E:1.778419137,2BX9:EB:14.1684303284
2ZU0_A:C,1VH4:B:0.818132936954,2D3W:D:3.34111738205
2ZVO_A:BD,3AXC:A:13.7264070511,2ZVO:BD:0.0
3A1P_A:BD,2DYI:A:3.49349617958,1QKH:A:3.5322766304
3A2F_A:B,4AHC:B:1.76661467552,1IZ5:B:1.09927415848
3A33_A:B,1Z2U:A:1.20342969894,5NVG:A:1.25111877918
3A4S_B:C,3A4R:B:0.81890553236,1A3S:A:0.531237363815
4YGB_A:B,1GV9:A:0.55830770731,4YGB:B:0.0
3A5N_S:C,5DD2:G:0.95345556736,3EKS:A:1.10664331913
3A7A_A:B,3A7R:A:0.594435214996,3A7L:A:0.716556966305
3A7Q_A:B,3A7Q:A:0.0,5B4Y*:!:0.0
3A8K_A:E,1VLO:A:0.717206478119,3AB9:A:1.0467274189
3AAD_A:BD,1EQF:A:4.2807970047,1TEY:A:1.23521220684
3AB3_A:B,1ZCB:A:1.42737293243,3AB3:B:0.0
3AL8_A:B,3AFC:B:1.22323608398,3AL9:B:0.910079777241
3AV0_A:B,3AV0:A:0.0,3AUY:B:7.74725246429
3AY4_A:C,4W4N:B:0.946476817131,1E4J:A:1.05542469025
3B08_A:BH,2W9N:A:10.2642116547,3B08:BH:0.0
3B3Q_A:E,3BIX:D:0.633962750435,3MW2:B:4.64782476425
3B4V_A:CDG,2ARV:B:1.59211063385,3B4V:CDG:0.0
3BEG_A:B,5MY8:A:0.979099154472,2O3D:A:7.08959770203
3BH7_A:B,1FZQ:A:4.19475269318,2BX6:A:0.731580734253
4ZQK_A:B,5J8O:B:1.0731035471,2M2D:A:1.46338737011
3VKF_A:C,3BIX:D:0.748832643032,1C4R:E:0.458783388138
3BJI_A:CD,3BJI:A:0.0,2G0N:BA:22.4266262054
3BK3_A:CD,3BMP:A:0.810729146004,2MBK:A:3.82349586487
3BN3_A:B,1MQ9:A:6.19272994995,3BN3:B:0.0
3BP6_A:B,1NPU:A:0.856161594391,3BP6:B:0.0
3BRW_A:D,1SRQ:D:0.880891680717,3X1X:A:1.35049748421
3BS5_A:B,3BS7*:!:0.0,2EAN:!:0.0
3BTH_E:I,1BPI:A:1.18568062782,4I8H:A:0.305769532919
4H03_A:B,1GIQ:B:0.843224585056,2FXU:A:0.702941000462
3BX7_C:A,3BX8:E:0.624410867691,1AH1:A:2.69942069054
3BYY_A:B,2APB:A:0.954901635647,3BVM:A:0.500538885593
3C05_A:BD,3C05:A:0.0,3C05:BD:0.0
3LQC_A:B,1XNT:A:7.54862356186,3V7L*:!:0.0
3LTF_A:B,3I2T:A:1.35785162449,3LTF:B:0.0
3LVJ_A:C,3LVM:B:0.461245268583,1DCJ:A:1.26563763618
3LVL_B:A,2L4X:A:7.04422950745,3LVM:B:0.460495263338
3LXR_A:F,1KMQ:A:1.66508948803,3LYQ:B:12.7460680008
3M0A_B:D,3M06:E:1.06212449074,3M0A:D:0.0
3M18_A:B,3M19:B:0.89386677742,4LZT:A:0.614706933498
3M62_A:B,2QIZ:A:1.9633743763,2NBU:A:0.906404435635
3M63_A:B,2QIZ:A:1.94317436218,2BWF*:!:0.0
3M7F_A:B,1NRV:B:0.296121895313,3B7Y:!:0.0
3M7Q_A:B,4I8H:A:0.459443390369,3OFW:A:1.16832637787
3MC0_A:BD,2APB:A:0.887991786003,1XXG:A:0.571005880833
3MDB_A:CD,3MDB:A:0.0,3LJU:X:3.44811177254
3QBQ_A:B,1IQA:B:1.0686647892,3QBQ:B:0.0
3MHV_C:A,2RKL*:!:0.0,2QPA*:!:0.0
3MI8_A:D,2RJL:A:0.713247954845,3MHD:D:1.05069959164
3MJ7_A:B,3MJ6:A:1.15523910522,3J6O:S:0.0011170519283
3MX0_A:BD,3MX0:A:0.0,1SHX:BA:18.494720459
3N1F_A:CD,3N1O:B:0.513481318951,1X4Y:A:12.0048160553
3N1G_A:D,2WFQ:A:0.422286957502,1X4Y:A:1.24212920666
3N1M_B:C,1X4Y:A:1.26739764214,3N1O:B:0.575715303421
3N1Q_A:CD,2WFQ:A:0.488953560591,1X4Y:A:3.92791295052
3N3A_A:D,3N37:A:0.257049351931,3N3A:D:0.0
3N3K_A:B,2GFO:A:1.36640560627,3NOB:E:1.05972158909
3N9U_A:CI,2CL3:A:3.39326834679,3N9U:CI:0.0
3NC1_C:A,4BSN:A:5.48071050644,3RAN:D:4.09556531906
3NE5_B:A,3K07:A:0.967902362347,3OOC:B:9.41204833984
3NMN_A:B,3KAY:B:1.19483792782,3UJK:A:1.0393910408
3NMV_A:B,3NMP:B:1.30401515961,3UJK:A:1.94614267349
3NOC_A:DE,1T9X:A:1.76508271694,4DUI:A:0.981117129326
3O5T_A:B,3G9D:B:0.612530767918,4CO3:B:1.00400722027
3O65_A:B,2AGA:A:6.73669433594,5NVG:A:1.08710408211
3O8E_A:BD,3EXV:A:0.55267226696,3O8E:BD:0.0
3OAK_A:D,3O8Z:A:1.62014806271,3OAK:D:0.0
3OED_A:CD,1C3D:A:0.502545714378,1LY2:A:0.960490226746
3OFI_A:C,4GSF:B:0.291860669851,5NVG:A:0.051175057888
3OJM_A:B,1RML:A:2.59837627411,3OJM:B:0.0
3OJ3_A:IN,3NOB:E:0.661451995373,3OJ3:IN:0.0
3OKY_A:B,3OKT:A:1.49348330498,3OKW:B:0.837778627872
3ONA_A:B,3ON9:B:0.9456564188,1B2T:A:0.823673129082
3ONL_A:C,3ONK:A:0.806253194809,3ONJ:A:0.993122041225
3OUN_A:B,3PO8*:!:0.0,3UQC:!:0.0
3OUR_A:BD,4I4C:B:0.747179746628,2F3G:BA:17.8155422211
3OWE_A:BD,2APX:A:0.733321368694,1XXG:A:0.640736877918
3OXU_A:DE,1C3D:A:0.451067626476,2BZM:A:3.71279406548
3P83_A:D,1RWZ:A:0.583313286304,1I39:A:0.72836458683
3P8M_A:DC,1PWK:A:2.24228906631,3P8M:DC:0.0
3P95_A:E,5TP0:A:0.373866587877,1BPI:A:1.23061275482
3P9W_A:BD,4KZN:A:1.43131518364,3B9V:DB:26.1123180389
3PB1_I:E,4IC0:D:0.421491205692,2O8U:A:1.11243653297
3PC8_A:C,1CDZ:A:0.820860028267,3PC7:B:1.22792196274
3PCR_A:B,3Q1C:A:1.01301801205,3N5C:B:8.74967861176
3PHD_A:E,5B8D:A:0.447405636311,5NVG:A:5.22467088699
3PHW_A:BH,3PHW:A:0.0,5NVG:A:0.969568312168
3PHX_A:B,3PHX:A:0.0,3PHX:B:0.0
3PIN_A:B,2HSY:A:1.62603366375,3PIL:B:2.62010908127
3PK1_A:B,3PK1:A:0.0,3PK1:B:0.0
3PL7_A:C,3QKD:B:0.889680325985,3PL7:C:0.0
3PNL_A:B,3PNO:D:1.39927566051,2BTD:A:0.422198653221
3PT2_A:B,3PT2:A:0.0,5NVG:A:0.961840391159
3PTF_A:C,3TGD:A:0.847967684269,3NOB:E:0.679873347282
3PV6_A:B,3PV7:A:1.07103848457,3NOI:B:1.32534122467
3Q35_A:B,2RIM:A:2.92464613914,3DM7:B:1.18628895283
3Q3J_A:B,3Q3J:A:0.0,2CLS:B:0.870141148567
3Q4F_F:CDH,3Q4F:CDH:0.0,2R9A:B:1.03280842304
3GJ3_A:B,3GJ0:B:0.380271553993,2GQE:A:0.806133151054
3GKL_A:CD,3ZFK:B:0.968786418438,1IMQ:A:1.74806559086
3GMW_A:B,1ERM:A:0.488585680723,3GMV:X:0.455875694752
3GN4_A:BDH,3GN4:A:0.0,1OOJ:A:16.9313545227
3GQI_A:B,3GQL:B:2.31377029419,4FBN:A:3.99287128448
3GXU_A:B,3CKH:B:2.79732632637,2I85:A:3.14264893532
3GYM_A:I,3GYL:B:1.09095919132,1BPI:A:0.525269329548
3H2U_A:B,1QKR:B:2.22284889221,3SMZ:A:2.59935045242
3H3B_A:CD,3H3B:A:0.0,2GJJ:BA:16.3239650726
3H44_A:C,4GSF:B:0.332173556089,5COR:E:7.24699258804
3H82_B:A,1P97:A:1.54431974888,2HV1:B:1.87062132359
3H9R_A:B,3Q4U:D:1.323543787,2PPN:A:0.465656489134
3HG0_A:D,3EJC:A:1.20705926418,2JAB:B:1.24741709232
3HHM_A:B,5DXT:A:1.74409413338,3HHM:B:0.0
3HHR_A:BC,1HGU:A:3.59066700935,2AEW:BA:29.3385047913
3HHW_A:KL,3HHW:A:0.0,2QVJ:ED:40.8814735413
3HO5_B:H,3N1O:B:0.563825190067,3HO3:A:1.10058617592
3HVQ_A:C,1JK7:A:0.65078151226,3HVQ:C:0.0
3IDB_A:B,1RE8:A:0.885372161865,3IDB:B:0.0
3IFW_A:B,4JKJ:B:1.34915494919,5NVG:A:1.02804243565
3II6_A:X,1FU1:B:3.59864115715,3II6:X:0.0
3INB_A:D,2RKC:A:1.15560269356,1CKL:E:3.73851418495
3JRQ_A:B,3UJK:A:1.11981999874,3KAY:B:1.87473034859
3JZA_A:B,3NKV:B:5.45244455338,3JZ9:A:1.10129678249
3K1I_A:D,3IQC:B:0.699945509434,3K1H:A:3.92595887184
3K51_A:B,2RJL:A:0.721786499023,3MHD:D:2.11926841736
4NEH_A:B,4NEH:A:0.0,4NEH:B:0.0
3K74_A:B,4PTH:A:1.39019262791,1IEH:A:1.94543576241
3K9M_A:CD,1CTE:B:2.73856782913,1N9J:BA:30.9735603333
3K9O_A:B,1YLA:B:0.843860208988,2KX0:A:1.66521024704
3KAS_A:B,1CX8:E:1.71722495556,3KAS:B:0.0
3KBT_A:CD,3KBT:A:0.0,3F59:DB:20.278465271
3KDJ_A:B,3NEF:B:1.40796971321,3UJK:A:1.1082957983
3KFQ_A:CD,1FH0:B:0.260866492987,1N9J:BA:39.9885139465
3KH2_A:E,3DD9:E:13.7779083252,3HRY:B:1.7740291357
3KKA_A:DE,3HIL:B:0.263902962208,3KKA:DE:0.0
3KLD_A:B,3JXA:B:2.26907014847,3JXG:D:0.851029455662
3KLS_A:X,3CU7:B:1.35661399364,3KLS:X:0.0
3KSE_A:DF,2XU3:A:0.748087704182,1N9J:BA:36.5610809326
3KUC_A:B,3X1X:A:1.48422205448,1RFA:A:1.59244930744
3KUD_A:B,1CTQ:A:0.786974072456,1RFA:A:1.50313997269
3KXC_A:C,2PWN:A:1.05939149857,2BJN:B:1.80395805836
3L0I_A:B,3L0I:A:0.0,2FOL:A:5.07589817047
3L1Z_A:B,3L1Y:A:1.34863948822,3L1X:A:0.636814534664
5C67_A:E,5TP0:A:0.45031106472,5C67:E:0.0
3L3T_A:E,5TP0:A:0.444425880909,1AAP:B:0.584354519844
3L4F_A:D,3L4F:A:0.0,3L4F:D:0.0
3L9J_C:T,1TN3:A:2.12857890129,2AZ5:D:0.890252172947
3LB8_A:C,1Q1R:B:0.652371942997,1OQQ:B:0.687595903873
3LCB_B:CD,3EPS:B:0.872019946575,1PB3:A:2.63867473602
3ULQ_A:B,4I9E:B:2.02605938911,3ULQ:B:0.0
3UOU_A:B,3HGP:A:0.732891321182,1SHP:A:0.815875530243
5CNS_A:F,1RLR:A:2.75504255295,1MXR:B:0.6287509799
3UUX_A:BD,3O48:A:1.00572562218,3UUX:BD:0.0
3UVV_A:B,3D57:B:1.28678524494,4N8R:D:6.4046792984
3UWX_A:B,2R6F:B:1.74278557301,1T5L:B:0.93288487196
3UYO_A:D,2ECD:A:2.40139269829,1TTG:A:3.28277373314
3UYP_A:B,3UYP:A:0.0,2H0P:A:1.27944087982
3UZE_A:C,3UZE:A:0.0,3UZE:C:0.0
3UZQ_A:B,3UZQ:A:0.0,3IRC:A:1.05924344063
3UZV_A:B,2JSF:A:1.90570831299,3UZV:B:0.0
3V2U_A:CD,3BTV:B:2.49728131294,3V5R:BA:21.4255371094
3V96_A:B,3V96:A:0.0,1Q3A:B:0.761029839516
3VE1_A:BD,3VE2:B:1.07685399055,4H0W:A:1.16366362572
3VF0_A:B,3VF0:A:0.0,3SMZ:A:1.4988771677
3RUI_A:B,3T7E:A:3.59822702408,2KQ7:A:5.76741695404
3VMH_A:DF,1WW9:A:0.905295789242,1VCK:A:0.61041867733
3VU3_A:CDFGH,3TTV:D:0.320423066616,3QHS:EBHLC:16.2442741394
3VUX_A:FG,5NVG:A:1.58596289158,3VUX:FG:0.0
3VVW_A:B,3VVV:A:2.05417847633,2NCN:A:2.80828619003
3VX7_A:B,3VX6:A:1.0643709898,2LPU:A:1.84387695789
3VYR_A:B,2Z1C:B:8.93606185913,2Z1D:B:1.20978832245
3W3D_A:B,2HF4:A:2.09990310669,3DNI:A:1.1730748415
3W3Z_A:B,3W3T:A:11.3591871262,1QG4*:B:4.02864265442
3W5U_A:BD,1GAW:B:0.579806804657,3B2F:BA:5.75762081146
5GXG_A:B,4L4E:A:1.57772552967,1YJJ:A:1.4790084362
5AYS_A:CD,1UDH:A:0.68082433939,2KCD:A:10.4419355392
3WHL_A:B,3WHK:E:0.419613718987,3WHJ:A:3.51966357231
3WJJ_A:C,4Q74:B:1.28437387943,1FCG:A:1.31112098694
3WJL_A:C,4Q74:B:1.38870966434,1FCG:A:0.731086075306
3WKT_A:C,3ES9:B:11.2405338287,1J02:A:0.628500103951
3WQB_A:B,3HJR:A:0.51896905899,2MK4:!:0.0
3WRY_A:C,3WRW:E:1.28478944302,3VKW:A:3.92435121536
3WWN_A:B,3U6U:C:1.28356587887,3WWL:A:3.32713699341
3WXF_A:BD,3WXF:A:0.0,2W9N:A:12.8361740112
3ZDM_A:C,2LXB:B:4.87723302841,4GOC:B:1.44112229347
3ZEF_A:B,3SBS:A:1.33318686485,3ZEF:B:0.0
3ZHP_A:D,1UPL:B:1.3781427145,2XIK:A:3.36528205872
3ZL7_A:C,3ZKG:B:1.08094727993,3ZL7:C:0.0
3ZNH_A:B,3ZNH:A:0.0,5NVG:A:0.949938833714
3ZNZ_A:B,3ZNV:A:0.975580573082,2W9N:A:10.5908374786
3ZO0_A:B,5VAA:B:1.68237388134,2VOK:B:0.352085649967
3ZO5_A:B,1TH0:B:0.99644356966,1U4A:A:2.17420935631
3ZOQ_A:BC,3ZOR:A:0.331818312407,2LE2:BA:3.22022724152
3ZR4_A:BD,1THF:D:1.12092447281,1K9V:F:0.643274188042
3ZU7_A:B,5HD4:A:2.27149510384,4DUI:A:0.948920369148
3ZYI_A:B,3ZYI:A:0.0,3ZYG:B:1.62906646729
4A49_A:B,2K4D:A:7.81680774689,1W4U:A:2.2711918354
4A55_A:B,5DXT:A:1.44367969036,4A55:B:0.0
4ADF_A:GH,2CH8:D:1.02997863293,3UF2:EB:17.3246974945
4ADS_A:L,4ADT:B:0.248288467526,2ABW:B:1.33962774277
4AG1_A:C,4KP0:A:1.45144593716,4AG1:C:0.0
4AP2_A:B,4AP2:A:0.0,4AP2:B:0.0
4APF_A:B,4APF:A:0.0,4APF:B:0.0
4AQR_A:D,5A2H:A:15.0572805405,2M73*:!:0.0
4ATZ_A:D,1KNB:A:2.39830589294,2XEE:D:0.889128267765
4AWX_A:B,2WIC:A:1.40767502785,2K02:A:3.10058522224
4AYI_A:D,4AYI:A:0.0,4AYN:B:1.07285451889
4B2B_A:B,3UWI:A:0.402399659157,1EGL:A:2.43017530441
4BCK_A:BD,3EZR:A:2.26212596893,1VIN:A:0.818332493305
4BD2_A:C,4BD8:D:5.02584600449,4BD2:C:0.0
3Q66_A:C,5AGC:D:1.80577003956,2RIM:A:3.30904054642
3Q68_A:C,5AGC:D:2.24950838089,2RIM:A:3.28959846497
3QB4_A:BD,1WAQ:A:1.4186309576,3QB4:BD:0.0
3QBT_A:BF,4LHW:E:0.780818223953,3QBT:BF:0.0
3QQ8_A:B,3QQ7:A:1.51766979694,3R3M:D:0.739526331425
3QEL_A:B,3QEK:B:0.603992819786,3JPW:A:1.57028663158
3QF4_A:B,3QF4:A:0.0,3QF4:B:0.0
3QFA_A:CD,2J3N:E:0.918319046497,4POM:DB:25.6845054626
3QSK_A:B,2E3W:A:0.544482946396,4PPT:A:2.07999849319
3QTL_A:D,3UNX:A:0.354772657156,3PIS*:!:0.0
3QV1_A:GI,3K2B:E:0.700945138931,3QV1:GI:0.0
3QVG_A:B,1IN1:A:4.02032852173,3PC6:B:0.788239598274
3SDL_A:CD,1XEQ:B:1.87704873085,1Z2M:A:2.29941606522
3R9A_A:B,4I8A:D:0.785148799419,2J9Q:B:3.83764839172
3R9J_A:C,3Q9L:B:0.741636633873,3R9J:C:0.0
3RDZ_A:C,4I8H:A:0.346643686295,3RDY:A:0.465807318687
3RJ3_A:D,1C3D:A:0.4096378088,2BZM:A:3.65206503868
3RNM_A:E,1ZMD:E:0.337998896837,1ZWV:A:2.57960343361
3RNQ_B:A,1NPU:A:0.87438005209,3RNQ:B:0.0
3RT3_B:C,1XEQ:B:1.88103365898,1Z2M:A:1.03549134731
3RVD_A:I,3K2B:E:0.614641010761,3RVD:I:0.0
3RWR_A:E,3RWR:A:0.0,2R9A:B:1.82271826267
3RY6_A:C,4C54:B:2.10205698013,3RY5:A:2.42216563225
3RYT_A:C,3IG3:A:1.28234410286,2IC5:B:1.38972949982
3S3X_A:DE,3S3W:B:1.55456161499,1LMM:A:2.4796397686
3S90_A:C,3S90:A:0.0,3S90:C:0.0
3S9D_A:B,2LMS:A:1.9920912981,1N6V:A:2.84196186066
3S9L_A:CD,1CX8:E:1.64349424839,3V83:EB:37.7955131531
3SBT_A:B,3E9O:A:1.19479560852,3SBS:A:1.33267724514
3SBW_B:C,4Z18:B:2.7145075798,1NPU:A:0.895448684692
3SEK_B:C,2KCX*:!:0.0,5JI1:B:2.93943023682
3SGB_E:I,1TUS:A:1.00561952591,2QAA:B:0.415159791708
3SKU_A:D,2C36:B:0.791563212872,4FMF:D:1.45984399319
4FHR_A:B,2HP7:A:0.687476456165,3AJC:A:11.6130571365
4DWH_A:B,1BF8:A:2.86765575409,2M5G:A:2.95252990723
3SU8_A:X,2W2V:D:1.17647016048,3SU8:X:0.0
3T12_A:BC,3T1T:D:2.84414720535,3T1S:A:1.1230173111
4DNT_B:A,3K07:A:0.985628068447,3OOC:B:9.42454719543
3T56_A:BC,3K07:A:1.65839219093,3T56:BC:0.0
3T5G_A:B,1XTQ:A:0.556567907333,4JV8:B:0.998328506947
3T98_A:B,3T98:A:0.0,2OSZ:D:4.09681987762
3TG1_A:B,3KQ7:A:1.32372057438,2OUC:!:0.0
3TGI_E:I,3AUC:B:0.70615029335,1ANE:A:0.349894851446
3TGO_A:CD,2YHC:A:2.21711707115,3TGO:CD:0.0
3TGX_A:BDF,4NZD:B:2.16234588623,2OQP:A:2.90282082558
3THO_A:B,3THO:A:0.0,3THO:B:0.0
3TMP_A:BF,3TMO:A:8.78260993958,5NVG:A:1.12922823429
4EOJ_A:BD,3EZR:A:2.05221867561,1VIN:A:0.453824818134
3TPI_Z:I,1BPI:A:1.21917653084,1BTY:A:1.05439209938
3TSO_A:CD,2OIL:A:1.4850525856,3TSO:CD:0.0
3TU3_A:B,3OGA:!:0.0,3M49:!:0.0
3TU5_A:B,2VYP:B:1.60695254803,3FFN*:!:0.0
3TX7_A:B,4EV8:A:1.87431049347,4IS8*:!:0.0
3U43_A:B,2NO8:A:1.4139995575,1FSJ:E:1.4994713068
3U73_U:A,1URK:A:9.62294483185,3U74:U:1.53256285191
3U7U_A:G,2AHX:B:20.3984279633,3U7U:G:0.0
3U82_A:B,4MYV:B:1.87870049477,4FMF:D:1.51230967045
3UDW_A:C,3UCR:D:0.642429888248,3UDW:C:0.0
3UEZ_A:EF,2CH8:D:0.710075378418,3UF2:EB:17.2419929504
3UIR_A:C,1DDJ:D:2.05406451225,3BYB:B:0.449645400047
4FZ0_A:MN,3S3W:B:0.9241553545,1LMM:A:2.50140976906
4FZA_A:B,4KZG:E:1.40717947483,4U8Z:A:3.2300798893
4J9Y_B:R,1PRW:A:9.91237831116,1KKD:A:38.0938339233
4G56_A:B,4G56:A:0.0,4G56:B:0.0
4G59_A:CD,4G59:A:0.0,4G59:CD:0.0
4G9S_A:B,3MGW:A:1.0263607502,4DY3:B:0.740956664085
4GED_A:B,5AL9:A:0.408081263304,4DY9:A:0.485865920782
4GGF_A:CL,1MR8:B:0.886273145676,5I8N:BA:18.2933597565
4GH7_A:B,4IAW:B:1.24529755116,4GH7:B:0.0
4GJT_A:BC,2ZB6:A:1.49691569805,4GJT:BC:0.0
4EZM_A:G,3H9Y:E:0.731845140457,4J6P:D:1.45392823219
4GOJ_A:C,1FZQ:A:4.6056599617,4GOJ:C:0.0
4GRG_A:D,2JAB:B:1.5642131567,3H9Y:E:1.01248621941
4GSK_A:YZ,3VH2:A:5.47187280655,4EBR:BA:24.1076450348
4GSL_A:CD,3VH2:A:1.60747897625,2DYT:A:13.4442977905
4GUX_A:DF,5FXL:A:0.447585791349,1IB9:A:1.4898879528
5JJE_A:B,2KSY:A:1.08899366856,5JJE:B:0.0
4GYP_A:CD,1EC8:D:0.264759153128,4IL0:EB:0.646494865417
4H2W_A:D,3MF2:B:0.640601634979,2JQ4:A:2.04632472992
4HCN_A:B,3GQM:B:0.503113687038,4HCN:B:0.0
4HCP_A:B,3GQM:B:0.590303480625,1NDD:D:1.35571753979
4HDO_A:B,4HDO:A:0.0,3X1X:A:1.1272739172
4HH3_A:C,4L9G:B:5.48267030716,4HEH:B:1.08747851849
4HLQ_A:BF,4HL4:A:1.14699947834,3NKV:BA:21.0603218079
4HOP_A:BD,1Z86:A:1.4765431881,1QAU:A:1.53583323956
4HQP_A:IJ,3SQ6:E:1.09693908691,1KFH:A:2.25309896469
4HR7_A:BI,2W70:B:4.90725040436,4HR7:BI:0.0
4HRL_C:A,5FIN:A:0.530816018581,4HRL:C:0.0
4HRM_C:B,4HRM:C:0.0,5FIN:A:0.606919944286
4HSA_A:C,4HR9:B:1.95184826851,4HSA:C:0.0
4HWI_A:B,1QQO:A:1.89741969109,4HWC*:!:0.0
4HX2_A:B,3UNX:A:1.70713639259,4HWX:A:1.65183877945
4HX3_A:BDH,1C7K:A:0.463531076908,4HWX:A:1.26354491711
4HXI_A:B,3M6Y:!:0.0,3NWM:!:0.0
4I1O_A:D,3NKV:B:0.620914399624,4I1M:B:1.40741467476
4I43_A:B,3SBS:A:1.23893475533,4I43:B:0.0
4I6L_A:B,2ZFY:A:0.945498168468,5NVG:A:0.641233146191
4IC7_A:EB,4IC8:B:2.41417956352,4IC7:EB:0.0
4ICG_A:CD,4ICG:A:0.0,2K5S:A:2.44576621056
4IG7_A:B,3LNB:!:0.0,5NVG:!:0.0
4ILW_A:DF,1BR9:A:1.52280318737,1Q3A:BC:20.2354774475
4IRU_A:BF,4I1M:B:1.47925543785,2FOL:A:1.50499105453
4ISL_B:A,4IS5:A:0.430045247078,4ISL:B:0.0
4ISO_A:B,3P8G:A:0.3787522614,4ISO:B:0.0
4ITR_A:D,3N3U:A:0.851475059986,1A4R:B:1.16532754898
4IW3_A:B,4J25:E:0.589539647102,4J0Q:E:0.905090749264
4IW4_C:EF,1ECY:A:1.29624760151,4IW4:EF:0.0
4IZ7_A:B,3C9W:B:1.11221182346,2LS7:A:1.6162571907
4J23_A:B,4J23:A:0.0,1HKN:E:1.14447426796
4J2Y_A:B,4J2K:B:0.717578828335,4I8H:A:0.522374272346
4J38_A:B,2M4F:A:1.45237100124,2BZM:A:2.99629569054
4J56_A:EFG,4B1B:B:0.819887638092,1SYR:EBH:19.1015872955
4J5W_A:D,3CTB:B:1.06530249119,1LBD:A:6.80167627335
4J5X_C:B,1LBD:A:8.01358413696,3CTB:B:1.03601884842
4J6G_A:C,4EN0:B:1.1466127634,3MHD:D:1.32736635208
4J9U_A:EFG,3PJZ:B:1.1993689537,4J9V:BA:24.6788902283
4JCV_A:F,1VDD:D:1.43172085285,1U5K:B:1.46878635883
4JE4_A:B,1AYD:A:1.07087051868,1TTG:A:2.61005997658
4JEG_A:B,4JEG:A:0.0,1TTG:A:3.16167449951
4JHP_B:C,4JHP:C:0.0,4JV8:B:0.456024974585
4JO7_B:AC,4JQ5:EB:23.7423362732,4JNU:D:2.69208860397
4JO8_A:B,2NYK:A:2.14371967316,1JA3:!:0.0
4JQW_A:C,2NZ7:B:0.533250153065,5NVG:A:0.743848562241
4K5A_A:B,1O0L:A:4.22903013229,4DUI:A:0.940490543842
4KAX_A:B,1E0S:A:4.21838665009,1U2B:A:2.02149009705
4KBM_A:B,4KBJ:B:1.0215959549,4ILU:A:13.9214849472
4BGD_A:C,4BGD:A:0.0,2OG4:A:2.30907464027
4BI8_A:B,3ZFI:B:0.631854295731,4BI3:B:0.821807682514
4BMO_A:B,4BMU:B:0.516779363155,2X2O:A:0.368615299463
4BOZ_A:BCE,4BOQ:A:0.788241922855,5NVG:A:1.29202795029
4BSR_A:CD,4BSR:A:0.0,4BSP:A:5.26169633865
4BV4_L:R,4ARR*:!:0.0,4BV4:L:0.0
4BWQ_A:B,1QGV:A:1.47402000427,4BWQ:B:0.0
4C02_A:B,3Q4U:D:3.25828123093,5HKG:A:0.496537923813
4C0A_A:H,4C0A:A:0.0,1U81:A:4.38128757477
4C0O_A:CD,4C0P:D:2.95031023026,2O3D:A:5.14532995224
4C0Q_A:CD,4C0P:D:5.10086297989,3RAN:DB:19.3116817474
4C2A_A:B,4C29:B:2.23172998428,1P9A:G:1.93243336678
4C4P_A:B,5EZ5:B:1.18333721161,4C4P:B:0.0
4C9R_A:B,4C8T:B:0.613641321659,4C8V:E:1.5384401083
4CI2_A:B,3E0C:A:2.95437383652,4CI2:B:0.0
4CJ1_A:B,1CLC:A:1.54433751106,4CJ1:B:0.0
4CPA_A:IJ,5CPA:A:0.408353835344,1H20:A:1.51905786991
4CRW_A:B,4GML:E:0.89092206955,4CRW:B:0.0
4CZX_A:B,4CZV:B:0.939806640148,4CZX:B:0.0
4D0L_A:BDF,4WAE:A:1.40236473083,2F9L:A:1.60941147804
4D0N_A:B,1KMQ:A:2.20707201958,4D0O*:!:0.0
4D8D_A:B,1SHF:B:1.04242610931,1AVV:A:0.628930330276
4DGA_A:C,5F66:A:0.533097565174,2PWO:D:1.72914433479
4DI3_D:A,3U64:A:0.465897619724,3U65:B:1.08843553066
4DI4_A:B,3U64:A:0.550009846687,3U65:B:0.932624578476
4DIN_A:B,1RE8:A:0.892596483231,4MX3:B:15.185795784
4DSS_A:B,4DSQ:D:2.04196977615,2FA4:B:0.419646024704
4DXA_A:B,3X1X:A:1.22849714756,4DXA:B:0.0
4E2I_A:1,1N25:B:2.22134423256,4E2I:1:0.0
4EBA_A:G,4EBA:A:0.0,4EBA:G:0.0
4EGC_A:B,5TIB:!:0.0,3GEB:!:0.0
4EHP_A:B,4EHP:A:0.0,4IGG*:!:0.0
4EMJ_A:B,3EF6:A:0.63271021843,3DQY:A:0.563417732716
4EOZ_A:B,4EOZ:A:0.0,4EOZ:B:0.0
4ES4_A:BDFH,3TLQ:B:1.06870770454,1G8E:BA:30.203660965
4ETW_A:DB,4NMW:A:0.742857038975,1T8K:A:0.886786699295
4EY8_A:B,4M0E:B:0.6848731637,1FSC:A:0.752956032753
4F38_A:B,5C4M:A:0.979344546795,4F38:B:0.0
4F48_A:B,4F3H:A:4.80985021591,3CNR:B:0.783759891987
4FBJ_A:B,3GQJ:A:0.857184112072,1NDD:D:1.1035721302
4FBW_A:C,4FCX:B:5.35766267776,4FBW:C:0.0
4FJV_A:B,1TFF:A:1.89172554016,3NOB:E:0.789246797562
4FMB_A:B,3EB8:B:1.97094261646,3NKV:B:0.919513761997
4FOU_A:C,4FOJ:A:0.940310299397,3CNR:B:0.794820725918
4FXE_A:D,4FXE:A:0.0,4FXI:B:0.713124155998
4P2A_A:B,2FAU:A:1.59546458721,3QE1:A:1.26180899143
4P2Y_A:B,4LP5:B:1.07438325882,1K96:A:3.59342694283
4P6I_A:DF,4MAK:B:0.659873843193,3NKD:BA:27.6444530487
4PDC_A:E,1MPU:A:0.821320712566,4FFE:Z:1.04917955399
4PGJ_A:B,1OHQ:B:2.4080016613,4LZT:A:0.711366295815
4PJ2_A:CD,3OD9:B:0.560838639736,3AYQ:A:0.709992527962
4PKG_A:G,2VYP:B:2.22417473793,4PKG:G:0.0
4PLN_A:CD,4PLM:A:2.02126121521,4PLN:CD:0.0
4POU_A:B,2E3W:A:1.13485634327,4POY:A:2.05497860909
4PP8_A:CD,1HQ8:A:0.553702890873,1JFM:ED:23.5816955566
4PQT_A:B,4JXE:B:0.511280894279,5M93:B:0.918738722801
4PW9_A:B,4PW3:D:0.37484523654,4PWA:D:0.842098891735
4Q4A_A:B,4Q4A:A:0.0,4Q4A:B:0.0
4Q57_A:B,3B32:A:0.996834158897,1SH6:A:0.975681722164
4Q58_A:D,4Q59:B:1.00320792198,1QG3:B:0.858197748661
4QDL_B:E,3NKD:B:0.722726285458,4MAK:B:0.586707770824
4QKX_A:B,4QKX:A:0.0,1SJX:A:2.23663640022
4QPL_A:B,4QPL:A:0.0,1X23:D:0.735635638237
4QVE_A:B,4PPI:A:20.9002456665,4QVE:B:0.0
4R40_A:BD,4PWZ:B:0.897010147572,4PWT:BC:16.9244632721
4RAL_A:D,4GSF:B:0.348839640617,2X6L:E:5.4059381485
4RF1_A:B,4RNA:A:1.34684038162,5NVG:A:1.00765824318
4RSU_A:DFJ,4EN0:B:1.46465826035,4FHQ:A:2.08273863792
4RT6_A:B,4RM6:A:2.60575914383,1QJS*:!:0.0
4RWS_A:C,3OE9:B:1.8569842577,1CM9:!:0.0
4TTH_A:B,1BU2:A:2.79475927353,5L2S:A:1.90383195877
4TU3_X:A,2ZIH:!:0.0,3LWT:!:0.0
4TX3_A:B,4TVF:A:1.01964461803,4TX2:B:0.924316167831
4TXO_A:DB,1JFU:B:0.642424941063,4WBJ:BA:21.0243225098
4U30_A:X,5TP0:A:0.416627377272,4U30:X:0.0
4U39_A:J,2RHJ:A:0.961078643799,4U39:J:0.0
4U5B_A:E,4U1Y:D:18.9180393219,4U5H:E:0.409144312143
4U7P_A:B,4U7P:A:0.0,4U7P:B:0.0
4UAF_B:E,1IAL:A:0.364741355181,2GMO:A:14.7689189911
4UEM_A:B,3IHR:A:2.7823882103,4UEM:B:0.0
4V0C_A:CD,4V0C:A:0.0,1PRW:A:12.4869794846
4UN2_A:B,5NVG:A:0.601847589016,2BWB:E:0.721431672573
4URT_A:B,4PLM:A:2.36412215233,4URT:B:0.0
4US0_R:S,2II0:A:2.01728725433,3GFT:E:3.14527583122
4UY2_A:C,4UXU:B:1.66972315311,1KFH:A:2.2948718071
4KGQ_C:AB,3MHD:D:1.2716691494,4KG8:BC:27.1813850403
4KI1_A:E,3H9Y:E:0.892357826233,4J6P:D:1.47070908546
4KJY_A:BD,2VSC:D:15.4917325974,2JJV:BA:21.2530269623
4KR0_A:B,3VJM:B:0.636785507202,4KQZ:B:1.11020767689
4KSD_A:B,4Q9H:A:3.01216220856,5DA4:B:2.1381521225
4KSK_A:D,4KSJ:A:0.627689063549,5M93:B:0.92972612381
4KT1_A:E,4KT1:A:0.0,4BSP*:!:0.0
4NDN_A:F,5A1I:A:1.40496635437,2YDY:A:0.835016489029
4KUM_A:B,2HKO:A:1.83087718487,4KUM:B:0.0
4KVG_A:B,3X1X:A:1.17676472664,3TCA:B:0.795769870281
4KYI_A:B,4AKF:A:2.34509086609,1R2Q:A:0.561425626278
4KYO_A:B,4I8A:D:0.802082240582,2J9Q:B:3.67074394226
4KYT_A:B,3N5K:B:10.4654188156,1FJP:A:3.30385541916
4L23_A:B,5DXT:A:1.44453001022,4L23:B:0.0
4L41_A:C,3B0I:A:0.96358692646,2FY7:A:1.91254734993
4L5N_A:CDF,1UDH:A:0.704856455326,2LE2:BA:4.17130470276
4L72_A:B,3EIO:B:0.658125698566,4ZPW:R:1.0550750494
4L79_A:B,4L79:A:0.0,1PRW:A:10.7282581329
4LAD_A:B,2KLY:A:1.00651860237,2LXH*:!:0.0
4LDE_A:B,4LDE:A:0.0,1SJX:A:2.25153136253
4LJO_A:B,4LJQ:D:1.26969814301,5NVG:A:1.17623591423
4LL1_A:B,4LL1:A:0.0,5DQY:A:1.62747955322
4LPZ_B:C,4LPZ:C:0.0,2HV1:B:0.83313792944
4LQW_A:CD,4I9Y:E:0.97021406889,4NX4:C:1.17002737522
4LSX_A:C,4LSA:A:1.12019562721,4LSC:A:0.596708655357
4LV5_A:B,3Q60:A:0.810453951359,5FPH:E:1.67296302319
4LV8_A:B,3Q60:A:1.24479794502,5FPH:E:1.62547850609
4LX0_A:BD,1YZK:A:1.32992935181,4LX0:BD:0.0
4LXR_A:JK,4LXR:A:0.0,4LXR:JK:0.0
4M0W_A:B,3E9S:A:0.912649869919,5NVG:A:1.43994939327
4M3K_A:B,5GHX:B:0.584513664246,4M3J:B:2.56337141991
4M4R_A:B,4M4P:A:21.0328826904,1SHX:B:1.60431206226
4M63_A:CD,3SEO:B:4.51017856598,2VYP:BA:24.4590244293
4M76_A:B,1C3D:A:0.527370691299,4XW2:A:0.79744052887
4M8N_A:EH,4M8M:B:2.37691760063,3X1X:A:1.2262532711
4MCT_A:BD,4MCT:A:0.0,4MCT:BD:0.0
4MDK_A:E,2OB4:A:1.56312346458,5M93:B:0.878504574299
4ML7_A:BD,2NWD:X:0.657053530216,4MIS:BA:0.861215651035
4MM3_A:B,5NVG:A:1.07420742512,4OW0:B:0.756214559078
4MNE_A:B,3VVH:B:1.12661993504,4MNE:B:0.0
4MRT_C:A,1QR0:A:5.7601776123,2MD9:A:0.609625160694
4MSM_A:B,4JXE:B:0.664244711399,5M93:B:0.909750938416
4MSV_B:A,5L19:A:0.710967838764,3MHD:D:1.36373376846
4MVI_A:B,4IAW:B:1.91317772865,2M9S:A:4.82448387146
4N6N_A:B,4D3X:A:0.536424934864,4N6L:A:0.945498049259
4N6O_A:B,4D3X:A:0.537246763706,4N6L:A:0.917066633701
4NBG_A:DF,1WW9:A:0.913539111614,1VCK:A:0.610812306404
4NF8_A:B,1PB7:A:0.629896759987,2A5S:A:1.48436892033
4NFG_A:B,1Z53:A:0.248423695564,3WUI:A:15.1414413452
4NH1_A:CD,3BQC:A:1.1159362793,2R6M:BA:26.2460708618
4NIF_A:BE,2WNT:B:0.95719230175,4QTA:A:1.1817009449
4NIK_A:B,1QYM:A:0.593427062035,2OMN:B:1.70291399956
4NIY_A:EF,4NIV:A:0.388417840004,1ECY:A:1.17017030716
4NKG_A:B,4NKH:E:0.66410112381,1URF:A:1.96606743336
4NQK_A:EJ,4NQK:A:0.0,3NOB:EB:19.8841991425
4NSO_A:B,5ILA:!:0.0,4NSR:!:0.0
4NUT_A:B,1ZWZ:B:1.28438866138,2M3F*:!:0.0
4NZW_A:B,4KZG:E:0.991831839085,2XIK:A:1.66307663918
4OFY_A:D,4OF0:A:1.28964579105,4OFY:D:0.0
4OH8_A:B,4NR2:E:1.91931331158,2YMY:!:0.0
4OL0_A:B,5CIQ:B:3.98754405975,4C0P:D:4.12998628616
4ONS_A:BD,4P9T:D:6.67989444733,4ONS:BD:0.0
4ONT_D:ABC,1C3D:A:0.490225821733,2BZM:A:3.90840411186
4OVN_A:FJ,1PRW:A:10.0003347397,4OVN:FJ:0.0
5AJJ_A:B,5AJJ:A:0.0,5AJJ:B:0.0
5AUN_A:B,3A43:B:1.81375527382,3VX3:B:1.51584994793
5B1J_A:C,1OE1:A:0.305860966444,3EF4:B:0.748637735844
5B2G_A:BDF,5B2G:A:0.0,5B2G:BDF:0.0
5B4P_A:B,3RFS:B:1.96352159977,1KJS:A:4.68969011307
5BQC_B:A,5BQB:D:0.960115432739,5BPB:D:2.65175628662
5BRR_I:E,4IC0:D:0.772873044014,1BDA:B:1.14183557034
5BXQ_A:CD,1GY6:B:0.772274792194,5CIQ:BA:19.7132129669
5BXV_A:BD,4TPW:B:0.874327421188,5BXV:BD:0.0
5BZ0_A:B,4X2Z:A:0.788274943829,5NVG:A:1.8134752512
5C2J_A:B,3WPQ:B:0.87341606617,1AJE:A:5.66357278824
5C46_E:F,5C46:E:0.0,2F9L:A:1.65417993069
5C4G_B:E,2F9L:A:0.937328577042,5C4G:E:0.0
5C5B_A:BD,2Q13:A:2.84854865074,4H8S:DB:69.2090301514
5CBN_B:A,5CBO:E:2.55483794212,1ANF:A:3.54518914223
5CEC_A:B,5CEB:B:0.771091222763,5CEA:E:0.580993890762
5CHV_A:C,5CHT:B:1.16213655472,5CHW:E:5.77867221832
5CKX_A:C,5CKV:B:1.99199676514,2VKL:A:2.78298592567
5CL1_A:D,5CL1:A:0.0,5CM4:B:0.573062717915
5CMN_A:EFG,5CMP:D:0.558862745762,5CMN:EFG:0.0
5CSI_A:C,3CZT:X:0.604563117027,5CSI:C:0.0
5CTR_A:C,5CTR:A:0.0,3JYU:B:3.77586102486
5CVM_A:B,5K16:B:2.60715961456,2KX0:A:2.27947950363
5D3I_A:B,3A7C:A:1.95704805851,5D3D:B:1.20437943935
5DBO_A:BD,4ZEO:H:1.37140655518,4ZEM:BA:26.6567745209
5DC0_A:B,1TTG:A:2.24810004234,2ECD:A:1.52519488335
5DCA_A:J,5DCA:A,2OG4:A
5DI3_B:A,4M9Q:!,5DE3:!
5DMR_A:B,3V1Q:A:1.50470161438,2KTV:A:2.06895923615
5E5M_A:BDF,5E5M:A:0.0,5E5M:BDF:0.0
5EB1_A:B,5EB3:B:0.807941138744,5EAZ:D:6.39387893677
5ECK_A:B,4EPL:A:12.9956388474,5ECS:B:0.897484183311
5EIN_A:C,2OZP:A:0.348233699799,3WWL:A:4.37829399109
5EW5_A:EH,5EW5:A:0.0,1IMQ:A:1.68067193031
5EWM_A:B,3QEK:B:0.609717190266,3JPW:A:1.61249613762
5F4E_A:B,5F4T:A:3.31968617439,5F4Q:D:1.18397855759
5F86_A:B,5F87:E:0.270265430212,5F86:B:0.0
5FBR_A:B,4WAE:A:1.40247309208,2F9L:A:1.56550240517
4V2C_A:BD,4V2D:A:0.00766254309565,4V2B:BA:14.8547801971
4W4O_A:C,1FC1:B:1.40383911133,3RJD:A:2.38442969322
4WLQ_A:B,3IHR:A:2.67125558853,4WLQ:B:0.0
4WMA_A:D,4WLM:B:0.795105516911,4WMA:D:0.0
4WP5_A:B,4WP5:A:0.0,4X2M:B:0.561364114285
4WTZ_A:GJ,4Y8A:B:0.381748497486,4Y88:A:0.595668911934
4ZNC_A:DE,4ZMD:B:0.889765799046,4L4J:BA:28.0330295563
4WZ3_A:B,1W4U:A:2.28486800194,4WZ0*:!:0.0
4X33_A:B,5AX2*:A:1.33970439434,4D4Q:B:0.754150032997
4X57_A:B,2ESK:A:0.784497201443,4X57:B:0.0
4X7C_A:C,4X07:B:0.875526726246,4B41:B:3.16426587105
4X7E_A:C,5HZA:B:0.511027336121,4B41:B:3.24124073982
4XCI_B:A,3J1C:O:1.96608233452,3KO1:E:1.32921683788
4XGA_A:B,3Q7M:A:1.32437694073,4PK1*:!:0.0
4XH9_A:BE,4XH9:A:0.0,1DPF:A:2.25776219368
4XHU_A:DB,4R6E:D:1.0587490797,4XHT:DB:12.6498804092
4XKL_A:B,5M93:B:1.1368676424,2MXP:A:0.861335337162
4XL5_A:C,4XOV:A:0.541061162949,3LTM:!:0.0
4XOI_A:BD,1DPF:A:3.6709895134,4XOI:BD:0.0
4Y2O_A:B,4NCD:A:1.75691533089,4Y2L:E:8.48369407654
4Y5O_A:B,4FQN:D:2.19722032547,2C60:!:0.0
4Y7M_A:C,4QGY:B:1.08590483665,4Y7M:C:0.0
4Y7O_A:C,4Y7L:B:0.998096883297,3RX9:A:0.475719243288
4Y97_A:BF,4Y97:A:0.0,4Y97:BF:0.0
4YDY_A:I,4YDW:B:0.578229486942,1ITM:A:1.69269454479
4YEB_A:B,4RML:A:1.8272497654,5CMP:!:0.0
4YFC_B:A,4YFG*:!:0.0,4YH6:!:0.0
4YH7_A:B,4YFG*:!:0.0,4YH6:!:0.0
4YN0_A:B,3QO4:A:3.43937659264,3UMH:!:0.0
4YOC_A:C,3SWR:A:0.944276273251,2YLM:A:7.74379348755
4YON_A:B,4YON:A:0.0,2G0N:B:1.50632667542
4Z94_A:G,2VYP:B:2.31924366951,4Z94:G:0.0
4ZFR_A:B,4JXE:B:0.72973638773,5M93:B:0.919075131416
4ZFT_A:BD,4JXE:B:0.566901683807,5M93:BC:17.6710777283
4ZGY_A:B,1D7K:B:2.16399359703,1ZO0:A:5.4540810585
4ZGZ_A:B,3BTN:B:1.14504063129,4ZGZ:B:0.0
4ZH1_A:DE,1C3D:A:0.442904233932,2BZM:A:3.96711039543
4ZII_A:C,4BD8:D:4.98938179016,4ZII:C:0.0
4ZJB_A:G,2GLL:E:0.927739918232,5H9G:B:0.84219533205
4ZK9_A:B,4P5I:A:0.650838911533,1DOK:B:0.737445414066
4ZKB_A:B,4P5I:A:1.05483865738,5COR:E:2.41196370125
4ZKC_A:B,4P5I:A:1.02207791805,1NCV:B:2.88088703156
4ZLK_A:B,1W8J:D:0.889306902885,1PRW:A:6.96510124207
4ZNE_A:EJ,3RJD:A:1.80401611328,3S7G:DB:23.2112789154
5AEK_A:B,1TH0:B:0.478552937508,5GHD*:A:2.87458372116
5LRW_A:B,5LRU:A:3.75384473801,5NVG:A:1.13477373123
5LTW_A:DH,5LTW:A:0.0,5LTW:DH:0.0
5LXQ_B:A,4IYS:A:2.26041603088,1ZCL:B:1.02231490612
5UBT_A:B,5IS5:A:0.978802025318,5UBT:B:0.0
5MMZ_A:B,4IYS:A:2.38003706932,1XM2:E:0.97017210722
5MPO_A:D,5MPO:A:0.0,5MPO:D:0.0
5MS2_A:B,5CQC:A:2.16096162796,3VTU:A:1.26730358601
5MTJ_A:B,5MTJ:A:0.0,1FNA:A:2.31534576416
5N38_A:B,5C1Z:B:5.68988800049,5NVG:A:0.847317576408
5NLB_A:B,5DAF:!:0.0,2MYM*:!:0.0
5SV3_A:B,5SV4:B:0.532745540142,3MK9:A:1.5944327116
5T89_V:XY,5T89:XY:0.0,4KZN*:A:1.04880106449
5TAR_A:B,3GFT:E:2.09901595116,5ML3:B:1.25755476952
5TOJ_A:DF,5EA4:F:0.699520051479,5TP3:BA:27.7823009491
5TOK_A:EF,5EA4:F:0.757267296314,5TP3:BA:27.7693443298
5KCJ_A:B,2A5S:A:1.49437177181,1PB7:A:0.56981831789
5TX4_A:B,4XJJ:A:1.00356245041,5TX6:B:1.34977304935
5X4L_A:C,5X4L:A:0.0,5X3P:B:0.715928912163
5FI0_A:B,5FI0:A:0.0,2C2H:B:1.46790242195
5FI1_A:B,5FI1:A:0.0,1AJE:A:4.35343265533
5FMJ_A:B,4TUH:E:2.61157751083,5FMJ:B:0.0
5FMK_A:B,4TUH:E:2.48778176308,5FMK:B:0.0
5FR1_A:B,5C4M:A:0.959175884724,5FR1:B:0.0
5FT8_A:BH,4LW2:B:0.420293271542,1NI7:A:2.07249951363
5FV1_L:VW,2BX5:E:0.630873262882,4KZN:A:0.786013901234
5FV2_A:VWX,1T2J:A:1.96426725388,4KZN:A:1.0809482336
5GQQ_A:CD,5GQQ:A:0.0,5JJG:A:1.37297618389
5GZZ_A:CDF,4EPL:A:13.0221757889,1M9A:A:1.16407322884
5H5J_A:B,5H59:A:0.318973332644,5H57:E:0.340946555138
5H8Q_A:B,2A5S:A:1.48143064976,1PB7:A:0.602080881596
5H8O_A:B,5H8D:A:0.67627632618,2KN6*:!:0.0
5H8O_A:B,5H8D:A:0.67627632618,2KN6*:!:0.0
5HGG_A:ST,4FUH:A:0.65133023262,5HDO:DB:11.415476799
5HK5_E:ABCD,2BHK:A:1.60137975216,4JPH:D:7.01658058167
5HPY_A:BF,5C5S:D:1.45638132095,1KMQ:A:0.502309978008
5HQP_A:CD,3TKR:E:3.26019859314,2R2J:A:5.2688498497
5HVF_A:B,4P10:A:0.501029253006,1SJX:A:2.54198622704
5HVG_A:B,4P10:A:0.557458937168,1SJX:A:3.1695432663
5HZK_A:BD,1AN0:B:1.74121284485,5HZJ:BA:36.878326416
5I57_A:B,1PB7:A:0.550161480904,4JWX:A:1.53323066235
5IAA_A:CD,3H8V:B:2.70368432999,5IA7:BA:18.1638469696
5IMT_A:D,1S3R:B:2.78100538254,1CDS:A:1.21148574352
5INA_A:C,5IOG:!:0.0,2K0D*:!:0.0
5IUN_A:CDF,5IUM:B:14.3899726868,4LE1:BA:21.3990135193
5IWL_A:CD,5IWL:A:0.0,2VSC:DB:26.1175479889
5J03_A:B,5J03:A:0.0,1PRW:A:9.8637046814
5J26_B:A,1XNI:E:1.24430501461,5NVG:A:4.43793869019
5J4S_A:B,2CGA:B:1.63174974918,2BBI:A:4.2343044281
5JA2_A:B,5T3D:A:4.06009244919,2PST:X:0.669471204281
5JCZ_A:BC,1YZK:A:1.27384769917,4LLI:BA:35.640422821
5JEJ_C:B,5JEJ:C:0.0,3A77:D:2.87411808968
5JEN_A:B,5JEN:A:0.0,4LZT:A:0.599387466908
5JI3_C:E,4G4E:E:0.779636621475,1DO0:E:1.35908186436
5JJW_A:B,5JJX:!:0.0,3PV1:!:0.0
5JMV_A:DEF,5JMV:A:0.0,3ENC:BA:0.947670817375
5JP3_A:B,5JP3:A:0.0,5NVG:A:1.05970275402
5JQH_A:C,5JQH:A:0.0,1SJX:A:1.84909808636
5JQS_A:D,5JKN:A:1.22703444958,5NVG:A:5.5467581749
5JTJ_A:B,4M5X:B:1.58336126804,5NVG:A:2.03941178322
5JTV_A:BF,5JTV:A:0.0,5NVG:A:2.03995203972
5JWO_A:B,5JWO:A:0.0,4KSO:D:8.12483787537
5JYL_A:BD,5JYL:A:0.0,5JYL:BD:0.0
5K1A_A:BH,5K16:B:4.70277309418,5K1A:BH:0.0
5K1B_B:A,5K16:B:3.01408553123,5K1B:B:0.0
5K33_A:C,5JIH:B:1.44504499435,2A91:A:1.09033727646
5KHO_A:C,5KHQ:B:0.544344544411,3X1X:A:1.19490456581
5KNH_D:I,1GA3:A:7.67257070541,5KNG:D:0.490535706282
5KOV_A:CE,5KOU:D:1.29174089432,5KOV:CE:0.0
5KWG_C:A,5JIK:B:2.07038927078,2A91:A:1.51223611832
5KWY_A:CD,5HNS:B:1.36947131157,1NEP:A:1.18162846565
5L6W_L:C,1Q8X:A:2.27778291702,3S95:B:0.682086467743
5L8L_A:B,4CEG:A:1.43447375298,2COQ:A:2.15055537224
5EG3_A:B,3CLY:A:1.29063606262,4K44:B:4.18517255783
1DZB_A:X,1DZB:A:0.0,1JSE:A:0.562000095844
1EAW_A:B,1EAX:A:0.57966786623,1BPI:A:0.537295520306
1EFN_A:B,1SHF:B:1.06940031052,1AVV:A:0.620618522167
1ZUD_1:2,1ZFN:D:0.522450149059,1F0Z:A:6.32043361664
2ILN_A:I,4I8H:A:0.273853480816,1MVZ:A:2.06101155281
2IO1_A:BD,1TH0:B:0.49927559495,2IO1:BD:0.0
3T62_A:D,2CGA:B:1.63073563576,1SHP:A:0.779607355595
1TZN_A:a,1TZO:E:0.453751206398,1SHT:X:1.30353748798
1TET_L:H,1TET:H:0.0,1ZEA:L:0.4844815135
1TPX_A:BC,1TPX:A:0.0,1TPX:BC:0.0
1TQB_A:B,1TQB:A:0.0,1TQB:B:0.0
1TZI_A:B,2FJF:O:3.03038859367,1TZI:B:0.0
1UAC_L:H,1UAC:H:0.0,1UA6:L:0.358463734388
1UJ3_A:B,1UJ3:B:5.7447977066,1UJ3:B:0.0
1VFB_A:B,1KIR:B:2.64125943184,1VFB:B:0.0
1MHP_A:H,1MHP:A:0.0,1MHP:H:0.0
1MLC_A:B,1MLB:B:7.9627532959,1MLC:B:0.0
1N8Z_A:B,4UB0:L:1.60944342613,1N8Z:B:0.0
1NAK_L:HI,1NAK:HI:0.0,1NAK:L:0.0
1NBY_A:B,1NBZ:B:5.90599966049,1NBY:B:0.0
1NCA_N:L,1NCA:L:0.0,1NCA:N:0.0
1NL0_L:H,1NL0:H:0.0,3D69:H:9.43933200836
1NMB_N:LH,1NMB:LH:0.0,1NMB:N:0.0
1NMC_A:BC,1NMC:N:0.000495579093695,1NMC:BC:0.0
1NSN_LH:S,2SNS:A:1.06342113018,32C2:BA:2.09404969215
1OAK_LH:A,1IJB:A:0.472217351198,1FNS:LH:0.337055683136
1OAZ_A:HL,1OAZ:A:0.0,1OAZ:HL:0.0
1OB1_A:B,1OB1:E:8.24116230011,1OB1:B:0.0
1OSP_LH:O,2I5V:O:0.798884928226,1OSP:LH:0.0
1P2C_A:B,2Q76:D:9.23719501495,1P2C:B:0.0
1PG7_HLM:WXYZ,1JPT:LH:32.60131073,1PG7:HYLW:54.7583045959
1PKQ_A:B,4M7K:L:0.788815319538,1PKQ:B:0.0
1Q1J_L:HI,1Q1J:HI:0.0,4M1D:L:0.486450403929
2BDN_A:L,2BDN:A:0.0,2BDN:L:0.0
2BOB_A:B,5J9P:B:11.2531652451,2BOB:B:0.0
2CMR_A:HL,2CMR:A:0.0,2CMR:HL:0.0
2DD8_H:L,2G75:D:7.19548845291,2DD8:L:0.0
2DWE_A:B,5J9P:B:11.238781929,2DWE:B:0.0
2EIZ_AB:C,4LZT:A:0.627732396126,2YSS:BA:0.637251794338
2FD6_U:H,2FAT:L:7.00876522064,2I9B:E:0.873321473598
2FJG_V:LA,2FJG:LA:0.0,2FJG:V:0.0
2FJH_V:L,2FJH:L:0.0,2FJH:V:0.0
1WEJ_LH:F,1QBM:LH:1.15203046799,3O1Y:B:0.279186099768
1XF5_P:A,1XF5:D:10.8063707352,1XF5:P:0.0
1XGP_A:B,1XGQ:B:5.70162582397,1XGP:B:0.0
1YQV_L:H,1BQL:L,1YQV:H
1Z3G_L:HI,1Z3G:HI:0.0,3S62:L:3.05260038376
1ZTX_E:H,1ZTX:H:0.0,1ZTX:E:0.0
1ZWI_A:B,5J9P:B:11.2325210571,1ZWI:B:0.0
2ADF_A:HL,2ADF:A:0.0,2ADF:HL:0.0
2AEP_A:H,2AEP:A:0.0,2AEP:H:0.0
2AEQ_A:L,2AEQ:A:0.0,2AEQ:L:0.0
2ATK_A:B,5J9P:B:11.2640094757,2ATK:B:0.0
2B0S_L:H,2B0S:H:0.0,2B1H:L:2.25404787064
2B1A_L:H,2B1A:H:0.0,2B1H:L:0.368284761906
2B2X_A:HLM,2B2X:A:0.0,2B2X:HLM:0.0
2B4C_G:C,2QAD:F:1.03374528885,2B4C:G:0.0
1YYL_G:L,1YYL:L:0.0,1YYL:G:0.0
1YYM_G:L,1YYM:L:0.0,1YYM:G:0.0
2I5Y_G:L,2I5Y:L:0.0,2I5Y:G:0.0
2I60_G:L,2I60:L:0.0,2I60:G:0.0
3VE0_IJ:A,3VE0:B:9.51986789703,3VE0:IJ:0.0
4HG4_A:abc,4HLZ:E:0.562674164772,4HG4:abc:0.0
4FFY_L:H,4FFY:H:0.0,4FFY:L:0.0
4R4N_A:ab,4R4N:A:0.0,4LAJ:KG:13.9351272583
4FQR_A:BDF,5T6N:E:0.442509144545,4FQR:BDF:0.0
2Q8B_A:L,2Q8B:A:0.0,2Q8B:L:0.0
2QAD_A:B,2QAD:A:0.0,5A7X:J:0.960915446281
2QQK_A:H,2QQK:A:0.0,2QQK:H:0.0
2QQN_A:H,2QQN:A:0.0,2QQN:H:0.0
2QR0_A:B,4HKZ:B:8.06959056854,2QR0:B:0.0
2R0K_A:L,2R0K:A:0.0,2R0K:L:0.0
2R0L_L:H,3K2U:L:7.50556325912,1N8Z:B:8.23445796967
2R4R_A:L,2R4R:A:0.0,2R4R:L:0.0
2R56_A:L,2R56:B:0.0671344101429,2R56:L:0.0
2R9H_A:CDEF,2R9H:B:0.0499042905867,2R9H:CDEF:0.0
2UZI_H:L,2VH5:L:5.61160516739,2UZI:L:0.0
2VDL_A:B,2VDR:A:0.145466864109,2VDL:B:0.0
2VIR_AB:C,2VIR:C:0.0,2VIT:BA:0.0699088722467
2VWE_A:CEJL,2VWE:B:0.443516433239,2VWE:CEJL:0.0
2VXQ_A:HL,2VXQ:A:0.0,2VXQ:HL:0.0
2VXS_A:HIM,2VXS:D:0.440181910992,2VXS:HIM:0.0
2VXT_H:I,3WO2:D:1.68582034111,2VXU:L:9.73301029205
2W0F_A:B,5J9P:B:11.221657753,2W0F:B:0.0
2W9E_A:H,2W9E:A:0.0,2W9E:H:0.0
2WUB_A:B,3K2U:A:0.667881250381,2WUB:B:0.0
2H8P_A:B,5J9P:B:11.2310256958,2H8P:B:0.0
2HFE_A:B,5J9P:B:11.1998519897,2HFE:B:0.0
2HFG_L:H,2HFG:H:0.0,2HFF:H:6.67465639114
2HG5_A:B,5J9P:B:11.2201890945,2HG5:B:0.0
2HJF_A:B,5J9P:B:11.2353525162,2HJF:B:0.0
2HLF_A:CE,2HLF:B:0.0921647399664,2HLF:CE:0.0
2HVJ_A:B,5J9P:B:11.1934614182,2HVJ:B:0.0
2HVK_A:B,5J9P:B:11.1930742264,2HVK:B:0.0
2I9L_A:B,2I9L:E:0.0305735692382,2I9L:B:0.0
2IFF_L:H,2IFF:H:0.0,1BQL:L:0.380065470934
2IGF_L:H,2IGF:H:0.0,1IGF:J:8.90012931824
2IH3_A:B,5J9P:B:11.1841554642,2IH3:B:0.0
2ITC_A:B,5J9P:B:11.2097797394,2ITC:B:0.0
3STL_A:B,5J9P:B:11.2066497803,3STL:B:0.0
2J4W_D:HL,2J4W:D:0.0,2J4W:HL:0.0
2J6E_A:HIM,2J6E:B:1.2651001215,2J6E:HIM:0.0
2J88_A:HL,2J88:A:0.0,2J88:HL:0.0
2JEL_LH:P,1POH:A:0.702923595905,2JEL:LH:0.0
2JIX_A:BC,5KVL:L:1.05164504051,1ERN:BA:26.371723175
2NR6_A:CE,2NR6:B:0.221179813147,2NR6:CE:0.0
2NY1_A:B,2NY1:A:0.0,2NXZ:B:0.410041898489
2NY7_G:H,2NY7:H:0.0,2NY7:G:0.0
2NYY_A:CD,2NYY:A:0.0,2NYY:CD:0.0
2NZ9_A:CD,2NZ9:A:0.0,2NZ9:CD:0.0
2OZ4_A:L,2OZ4:A:0.0,2OZ4:L:0.0
2P7T_A:B,5J9P:B:11.1810407639,2P7T:B:0.0
2XRA_A:H,2XRA:A:0.0,2XRA:H:0.0
2YC1_ABE:CF,4V1D:EBD:14.5617103577,1CN2:A:1.24040400982
2YPV_A:HL,2YPV:A:0.0,2YPV:HL:0.0
2ZJS_Y:E,2ZQP:Y:2.15426158905,2ZJS:E:0.0
3A67_L:H,3A67:H:0.0,3A6C:L:0.119847342372
3BAE_L:H,3BAE:H:0.0,3BKC:L:0.625526487827
3BDY_H:L,3DVN:H:3.51094031334,3BDY:L:0.0
3BE1_A:H,3BE1:A:0.0,3BE1:H:0.0
3BGF_A:CB,3BGF:S:0.333162665367,3BGF:CB:0.0
3BN9_A:E,3BN9:A:0.0,3BN9:E:0.0
3BQU_A:B,2F5B:L:1.54506027699,3BQU:D:4.86639213562
3BSZ_A:EF,3BSZ:D:0.667965054512,1RLB:EF:17.8835468292
3LQA_C:G,3LQA:C:0.0,3LQA:G:0.0
3LZF_A:B,4PY8:A:0.696821510792,3LZF:B:0.0
3MA9_A:H,3MA9:A:0.0,3MA9:H:0.0
3MAC_A:HL,3MAC:A:0.0,3MAC:HL:0.0
3MJ9_A:L,3MJ9:A:0.0,3MJ9:L:0.0
3MLT_A:HBI,3MLV:N:4.78965139389,3MLT:HBI:0.0
3MLW_L:H,3MLW:H:0.0,3MLW:L:0.0
3MLX_L:H,3MLX:H:0.0,3MLZ:L:0.822166442871
3MNZ_P:A,3MNZ:A:0.0,3MNZ:P:0.0
3MXW_A:L,3MXW:A:0.0,3MXW:L:0.0
3N85_A:L,3N85:A:0.0,3N85:L:0.0
3NCY_A:P,3NCY:D:0.680060386658,3NCY:P:0.0
4OLZ_G:H,4OLZ:H:0.0,4OLZ:G:0.0
3NH7_H:L,4QHU:H:8.74178218842,3NH7:L:0.0
3T3P_A:BD,3ZE2:C:0.273420900106,3T3P:BD:0.0
3NIF_A:BD,3NIG:C:1.59027457237,3NIF:BD:0.0
3NPS_A:B,3NPS:A:0.0,3NPS:B:0.0
3WFD_L:H,3WFD:L:6.71660423279,3WFE:L:0.114801131189
3O2D_L:H,3O2D:H:0.0,3O2D:L:0.0
3O41_B:A,3O45:H,3O41:A
3O45_B:A,3O45:A:0.0,3O41:H:9.81571102142
3OPZ_A:H,3OPZ:B:0.197562679648,3OPZ:H:0.0
3OR7_A:B,5J9P:B:11.2035398483,3OR7:B:0.0
3P11_H:L,3P0V:L:8.2547416687,3P11:L:0.0
3P30_A:L,3P30:A:0.0,3P30:L:0.0
3PGF_A:H,3PGF:A:0.0,3PGF:H:0.0
3PJS_A:B,3EFF:D,3PJS:B
3PNW_A:BH,5CWS:H:5.32280778885,3PNW:BH:0.0
3PXG_a:AF,3JTP:D:1.37315356731,3PXG:AF:0.0
3Q1S_L:H,3Q1S:H:0.0,3FN0:L:0.749186813831
3Q3G_A:B,3QA3:B:6.42675113678,3Q3G:B:0.0
3GI8_C:L,3GI9:C:0.430565714836,3GI8:L:0.0
3GI9_L:H,3GI9:H:0.0,3GI9:L:0.0
3H0T_A:B,3H0T:B:7.31511354446,3H0T:B:0.0
3H42_B:L,2PMW:B:1.27275121212,3H42:L:0.0
3HB3_A:B,3EHB:A:0.275351107121,3HB3:B:0.0
3HFM_L:H,3HFM:H:0.0,1NDM:B:7.13397407532
3HI1_G:L,3HI1:L:0.0,3HI1:G:0.0
3HI6_A:H,3HI6:A:0.0,3HI6:H:0.0
3HMX_A:B,1F45:A:1.43145024776,3HMX:B:0.0
3HPL_A:B,5J9P:B:11.1777734756,3HPL:B:0.0
3I50_E:L,3I50:E:0.0,3I50:L:0.0
3IDX_G:H,3IDX:H:0.0,3IDX:G:0.0
3IFN_H:L,3IFL:L:11.9015779495,3IFN:L:0.0
3IGA_A:B,5J9P:B:11.2469434738,3IGA:B:0.0
3IXT_B:HA,3QWO:H:9.09057807922,3IXT:HA:0.0
3JWD_A:C,3JWD:A:0.0,3JWO:C:0.678224444389
3JWO_A:C,3JWO:A:0.0,3JWD:D:0.883350789547
3K2U_A:B,2WUC:A:0.556111633778,3K2U:B:0.0
3KJ4_B:C,3KJ4:C:0.0,3KJ4:H:10.3352861404
3KJ6_A:L,3KJ6:A:0.0,3KJ6:L:0.0
3KR3_D:H,3KR3:H:0.0,3KR3:D:0.0
3L5W_A:B,3L7E:H:8.7688293457,3L5W:B:0.0
3L5X_L:H,3L5X:H:0.0,3L7F:E:6.92420148849
3L95_A:B,2FJF:O:0.638947248459,3L95:B:0.0
3LD8_A:B,3LD8:A:0.0,3LD8:B:0.0
3LEV_A:L,3LEV:A:0.0,3LEV:L:0.0
3LIZ_A:L,3LIZ:A:0.0,3LIZ:L:0.0
3V4V_A:B,3V4P:C:0.833631694317,3V4V:B:0.0
3V6Z_A:B,3V6F:E:1.12709605694,3V6Z:B:0.0
3V7A_E:H,3V7A:H:0.0,3V7A:E:0.0
3VG9_A:B,3VG9:A:0.0,3VG9:B:0.0
3VI3_A:B,3VI4:C:1.45199739933,3VI3:B:0.0
3W2D_A:L,3W2D:A:0.0,3W2D:L:0.0
3W9E_C:A,3W9E:A:0.0,3W9E:C:0.0
3WIH_A:L,3WIH:A:0.0,3WIH:L:0.0
3WLW_A:C,3WLW:B:0.515394985676,3WLW:C:0.0
3WSQ_A:L,3WSQ:A:0.0,3WSQ:L:0.0
3ZTJ_A:BDF,3VUN:E:0.520669281483,3ZTJ:FBD:0.0
3ZTN_AB:HL,5IBL:FE:2.10919523239,3ZTN:LH:0.0
4AEI_A:HJ,4AEI:A:0.0,4AEI:HJ:0.0
4AL8_C:H,4AL8:H:0.0,4AM0:R:2.18027949333
4AM0_A:BD,4AM0:E:0.183037564158,4AM0:BD:0.0
3QA3_A:BK,3Q3G:B:6.27813100815,3QA3:BK:0.0
3R1G_B:H,3R1G:H:0.0,3R1G:B:0.0
3RAJ_A:H,3RAJ:A:0.0,3RAJ:H:0.0
3RKD_A:L,3RKD:B:0.100136555731,3RKD:L:0.0
3RU8_X:H,3RU8:X:0.0,3RU8:H:0.0
3RVV_A:C,3RVV:A:0.0,3RVV:C:0.0
3SDY_A:B,4NM8:E:0.899428367615,3SDY:B:0.0
3SE8_G:H,3SE8:H:0.0,3SE8:G:0.0
3SE9_G:H,3SE9:H:0.0,3SE9:G:0.0
3SKJ_L:HI,3SKJ:HI:0.0,5I19:L:3.06816005707
3SO3_A:B,3SO3:A:0.0,3SO3:B:0.0
3SOB_L:B,3SOB:B:0.0,5CWS:H:5.09590625763
3SQO_A:H,3HC4:!:0.0,3SQO:A:17.2525978088
3T2N_A:H,3T2N:B:0.273635327816,3T2N:H:0.0
3TT1_A:M,3TT1:B:0.0131879337132,3TT1:M:0.0
3TT3_A:L,3TT3:A:0.0,3TT3:L:0.0
3TYG_H:A,4JPJ:D:2.13396286964,5JSA:E:5.46390914917
3U2S_A:LB,3U36:E:4.6139626503,3U2S:LB:0.0
3U30_A:B,3U30:A:0.0,3U30:B:0.0
3U4E_G:HA,3U4E:HA:0.0,3U4E:G:0.0
3U7Y_H:G,3U7W:L:5.66160297394,4DKR:C:0.83579480648
3U9U_A:B,3U9U:D:6.03555679321,3U9U:B:0.0
3UAJ_A:H,3UAJ:B:0.520781099796,3UAJ:H:0.0
3UBX_A:B,3UBX:D:0.0399446561933,3GMR:B:1.21923518181
3UJI_L:H,3UJI:H:0.0,3UJI:L:0.0
4G6F_B:LD,4G6F:LD:0.0,5T85:L:8.06006717682
4G6J_A:H,4G6J:A:0.0,4G6J:H:0.0
4G6M_A:H,4G6M:A:0.0,4G6M:H:0.0
4G7Y_H:L,4G7V:L:7.39450550079,4G7Y:L:0.0
4G80_I:G,4G80:J:0.373706310987,1B6D:B:7.06934833527
4GMS_A:BDF,4GMS:A:0.0,4GMS:BDF:0.0
4GXU_A:BD,4GXX:E,4GXU:BD
4H8W_G:H,4P9H:L:4.78689622879,4H8W:G:0.0
4HC1_A:HM,4HC1:A:0.0,4HC1:HM:0.0
4HCR_H:L,5K9O:L:8.35955619812,4HCR:L:0.0
4HF5_A:B,4HLZ:E:0.869556367397,4HF5:B:0.0
4HFU_A:B,4HLZ:E:1.75982606411,4HFU:B:0.0
4HIX_H:L,4OJF:L:9.22737026215,4HIX:L:0.0
4I18_B:A,4I18:A:0.0,5C8J:E:6.95787382126
4I77_H:L,4I77:L:8.80189323425,4I77:L:0.0
4I9W_A:D,4I9W:B:2.73047351837,4I9W:D:0.0
4JB9_G:H,4JB9:H:0.0,4JB9:G:0.0
4JDT_G:H,4JDT:H:0.0,4JDT:G:0.0
4JKP_G:H,4JKP:H:0.0,4JKP:G:0.0
4JO1_L:H,4JO1:H:0.0,4JO2:L:0.238812819123
4JPV_G:H,4JPV:H:0.0,4JPV:G:0.0
4JPW_G:H,4JPW:H:0.0,4JPW:G:0.0
4D9Q_A:L,4D9Q:B:0.41385269165,4D9Q:L:0.0
4D9R_A:L,4D9R:B:0.45799484849,4D9R:L:0.0
4DGI_A:H,4DGI:A:0.0,4DGI:H:0.0
4DKE_A:HI,4DKE:A:0.0,4DKE:HI:0.0
4DKF_A:H,4DKF:A:0.0,4DKF:H:0.0
4DN4_L:H,4DN4:H:0.0,4DN3:L:2.96664500237
4DQO_H:L,3MUG:E:10.5605316162,4DQO:L:0.0
4DTG_L:H,4DTG:H:0.0,4DTG:L:0.0
4DVR_G:L,4DVR:L:0.0,4DVR:G:0.0
4DW2_U:HL,4DW2:U:0.0,4DW2:HL:0.0
4ENE_A:CE,4ENE:B:0.0695203244686,4ENE:CE:0.0
4ETQ_A:B,4EBQ:L:9.47759342194,4ETQ:B:0.0
4FFV_A:CL,4FFV:B:0.192068830132,4FFV:CL:0.0
4FFW_A:CL,4FFW:B:0.309961557388,4FFW:CL:0.0
4FFZ_A:LY,4FFZ:X:0.00697279861197,4FFZ:LY:0.0
4FP8_A:H,5UMN:B,1B6D:B
4FQI_A:B,3GBM:C:0.687226295471,4FQI:B:0.0
4FQK_A:B,4FQM:E:0.640474796295,4FQK:B:0.0
4FQY_A:B,5T6N:E:0.438233017921,4FQY:B:0.0
4PP2_A:B,5VCO:D:12.0348787308,4PP2:B:0.0
4PY8_A:B,4EEF:E:0.703556597233,4PY8:B:0.0
4QCI_A:B,4QCI:H:4.3156580925,4QCI:B:0.0
4QEX_A:L,4QEX:B:0.0131802316755,4QEX:L:0.0
4QNP_A:F,4QNP:B:0.0641836896539,4QNP:F:0.0
4QTI_H:L,4QTH:L,4QTI:L
4R0L_A:C,4LCI:L,4R0L:C
4R4F_A:L,4R4F:A:0.0,4R4F:L:0.0
4R4H_A:B,4R4H:A:0.0,3JWD:D:2.08584499359
4R8W_AB:H,4R8W:L:5.24099969864,4BSF:AB:0.752859055996
4RFN_A:B,4RFN:A:0.0,4RFO:L:5.96611642838
4RRP_A:GH,5C8J:E:5.32166337967,4RRP:GH:0.0
4RWY_A:H,4RWY:A:0.0,4RWY:H:0.0
4S1Q_G:H,4S1Q:H:0.0,4S1Q:G:0.0
4S1R_G:H,4S1R:H:0.0,4S1R:G:0.0
4S1S_G:H,4S1S:H:0.0,4S1S:G:0.0
4U6H_A:B,4U6H:D:8.22737121582,4U6H:B:0.0
4UBD_A:FBJ,4UBD:A:0.0,4UBD:NJR:0.267213761806
4UT6_A:HI,4UT6:B:0.761118888855,4UT6:HI:0.0
4UT9_A:HILM,4UT9:D:1.67975282669,4UT9:HILM:0.0
4UTA_A:HI,4UTA:A:0.0,4UTA:HI:0.0
4UTB_A:HIL,4UTB:B:0.77940928936,4UTB:HIL:0.0
4UUJ_A:B,5J9P:B:11.2492990494,4UUJ:B:0.0
4L5F_H:E,4L5F:L:9.68275642395,3IRC:A:0.917318642139
4LSP_G:H,4LSP:H:0.0,4LSP:G:0.0
4LSQ_G:H,4LSQ:H:0.0,4LSQ:G:0.0
4LSR_G:H,4LSR:H:0.0,4LSR:G:0.0
4LST_G:H,4LST:H:0.0,4LST:G:0.0
4LSU_G:H,4LSU:H:0.0,4LSU:G:0.0
4LSV_G:H,4LSV:H:0.0,4LSV:G:0.0
4MHH_A:K,4N5Z:E:0.496727794409,4MHH:I:0.32932728529
4MHJ_A:BDI,4MHI:E:0.390000462532,4MHJ:NBP:0.283176422119
4MSW_A:B,5J9P:B:11.2325286865,4MSW:B:0.0
4NM8_A:BDF,3SDY:A:0.781351447105,4NM8:BDF:0.0
4OGY_A:HM,4OGY:A:0.0,4OGY:HM:0.0
4OII_A:L,4OII:B:0.00307940039784,4OII:L:0.0
4ONG_H:L,4ONF:L:9.1144618988,4ONG:L:0.0
4ORZ_A:B,4ORZ:A:0.0,2NEF:A:4.09070634842
5D93_A:CF,5D93:D:0.605372965336,5D93:CF:0.0
5D96_A:B,5D96:D:0.281336605549,5D96:B:0.0
5DHV_A:B,5DHZ:L:3.7242743969,5DHV:H:3.71621251106
5DUR_B:D,5DUR:H:0.788503408432,5DUR:D:0.0
5E1A_A:B,5J9P:B:11.2914829254,5E1A:B:0.0
5E8D_A:H,5AZ2:!:0.0,1K37*:!:0.0
5EBL_AB:C,2QTO*:D:0.877321779728,5J9P:BA:0.291577011347
5F3B_A:B,5F3B:E:0.279070973396,5F3B:B:0.0
5F3H_A:B,3L95:H:3.29843592644,5F3H:B:0.0
5F6J_E:F,5F6J:E:0.0,5F6J:F:0.0
5F96_G:H,5F96:H:0.0,5F96:G:0.0
5F9W_A:BH,5F9W:G:0.20298448205,5F9W:BH:0.0
5FB8_A:B,5FB8:B:9.91471767426,5FB8:B:0.0
4WFE_A:D,4WFE:B:2.73580408096,4WFE:D:0.0
4XAK_A:H,4XAK:A:0.0,4XAK:H:0.0
4XMP_G:H,4XMP:H:0.0,4XMP:G:0.0
4XNY_G:H,4XNY:H:0.0,4XNY:G:0.0
4XNZ_A:B,4XNZ:G:0.574779629707,4XNZ:B:0.0
4XZU_A:B,4KI5:E:2.00860476494,4XZU:B:0.0
4YBL_A:HB,4YC2:G:0.720462024212,3MCG:21:39.3952865601
4YC2_A:HB,4YBL:G:0.745640039444,3MCG:21:40.4192123413
4YDJ_G:HA,4YDJ:HA:0.0,4YDJ:I:0.68002474308
4YDK_G:H,4YDK:H:0.0,4YDK:G:0.0
4YDL_A:B,4YDL:G:0.367616534233,4YDL:B:0.0
4YE4_G:H,4YE4:H:0.0,4YE4:G:0.0
4YWG_L:H,4YWG:H:0.0,4YWG:L:0.0
4Z5R_D:J,4Z5R:J:0.0,4Z5R:D:0.0
4ZSO_A:B,4ZSO:D:6.11960411072,4ZSO:B:0.0
5T29_H:L,5TFW:L:5.64946508408,5T29:L:0.0
5T5B_A:B,5T85:L:5.12825250626,5T5B:B:0.0
5T5F_A:H,5T5F:A:0.0,5T5F:H:0.0
5TFW_H:L,5T85:L:5.06905078888,5TFW:L:0.0
5TIH_A:H,5TIH:A:0.0,5TIH:H:0.0
5V2A_A:L,5T6S:E:1.08397769928,5V2A:L:0.0
5VCO_A:B,4PP2:D:12.0348787308,5VCO:B:0.0
5FHX_A:H,5FHX:A:0.0,5FHX:H:0.0
5GJS_B:L,5GJT:B:0.389719873667,5GJS:L:0.0
5GZN_A:H,5GZN:A:0.0,5GZN:H:0.0
5GZO_A:H,5GZO:B:0.440537720919,5GZO:H:0.0
5HJ3_C:DI,5HJ3:C:0.0,3INU:N:8.28899860382
5JHL_A:H,5JHL:A:0.0,5JHL:H:0.0
5KAQ_A:Q,5KAQ:B:0.416163265705,5KAQ:Q:0.0
5KN5_A:B,5KN5:E:6.02750825882,5KN5:B:0.0
5KVD_E:L,5KVD:E:0.0,5KVD:L:0.0
5KVE_E:L,5KVE:E:0.0,5KVE:L:0.0
5KVF_E:L,5KVF:E:0.0,5KVF:L:0.0
5KVG_E:L,5KVG:E:0.0,5KVG:L:0.0
5LBS_A:L,5LBS:B:0.527612388134,5LBS:L:0.0
5LCV_A:HL,5LCV:B:0.932664573193,5LCV:HL:0.0
1A14_N:H,1A14:H:0.0,1A14:N:0.0
1A2Y_A:B,1VFB:B:2.63988804817,1A2Y:B:0.0
1ACY_L:H,1ACY:H:0.0,1AI1:L:0.332040816545
1ADQ_A:L,1ADQ:A:0.0,1ADQ:L:0.0
1AFV_A:L,1AFV:A:0.0,1AFV:L:0.0
1AHW_A:B,1FGN:L:0.710835576057,1AHW:B:0.0
1AI1_L:H,1AI1:H:0.0,1ACY:L:0.332040816545
1AR1_B:CD,3HB3:B:0.313455879688,1MQK:LH:0.322404950857
1BGX_T:LH,1BGX:T:0.0,1BGX:LH:0.0
1BJ1_HJK:VW,5WUX:BHL:41.5564727783,3QTK:EB:26.8728256226
1BQL_L:H,1BQL:H:0.0,2IFF:L:0.380065470934
1BVK_ABE:CF,1BVL:DBC:42.8253097534,4LZT:A:1.19026863575
1C08_AB:C,4LZT:A:0.609584450722,3A6C:LH:0.278493046761
1CZ8_V:X,1CZ8:X:0.0,1BJ1:W:0.371057033539
1DEE_DF:GH,1HEZ:DB:23.8662948608,1DEE:GH:0.0
1DQJ_A:B,1NBZ:B:5.89565944672,1DQJ:B:0.0
1DVF_AB:CD,1VFA:BA:0.508084654808,1DVF:DB:1.26542127132
1E6J_HL:P,4USN:O:9.10742282867,1E6O:LH:1.14734053612
1EGJ_A:L,1EGJ:A:0.0,1EGJ:L:0.0
1EO8_A:B,4HMG:E:0.498691111803,1EO8:B:0.0
1F58_L:H,1F58:H:0.0,2F58:L:2.54706430435
1FBI_L:H,1FBI:H:0.0,1FBI:P:0.973904132843
1FDL_L:H,1FDL:H:0.0,1FDL:L:0.0
1FE8_A:HLJN,1FE8:B:0.261360555887,1FE8:HLJN:0.0
1FJ1_A:BD,1FJ1:D:7.80791902542,1FJ1:BD:0.0
1FNS_LH:A,1IJB:A:0.433542132378,1OAK:LH:0.337055683136
1FSK_A:BH,1FSK:J:0.00297981011681,1FSK:BH:0.0
1GC1_G:C,1RZJ:C:0.665434479713,1GC1:G:0.0
1GGI_L:HJ,1GGI:HJ:0.0,1GGC:L:1.28280627728
1G7J_AB:C,4LZT:A:1.21428954601,1VFB:BA:0.391326010227
1H0D_A:B,1H0D:B:8.49956893921,1H0D:B:0.0
1I9R_A:H,1I9R:A:0.0,1I9R:H:0.0
1IAI_LH:MI,1AIF:HL:1.30169677734,1IAI:LI:2.25294780731
1IGC_L:H,1IGC:H:0.0,4KVC:L:2.9452047348
1IQD_A:B,1IQD:B,1IQD:B
1JHL_L:H,1JHL:H:0.0,1JHL:L:0.0
1JPS_L:H,1JPS:H:0.0,1JPT:L:0.549489378929
1K4C_A:B,5J9P:B:11.2025947571,1K4C:B:0.0
1KEN_A:BDF,4HMG:E:0.658252775669,1KEN:FBD:0.0
1KIQ_AB:C,4LZT:A:1.20035541058,1VFB:BA:0.167280286551
1QFU_A:B,4HMG:E:0.412512540817,1QFU:B:0.0
1QFW_A:B,1QFW:A:0.0,1HRP:B:2.04552364349
1R3J_A:B,5J9P:B:0.290706962347,1R3J:B:0.0
1RZJ_G:C,1G9M:C:0.231394693255,1RZJ:G:0.0
1S78_A:C,1S78:A:0.0,1S78:C:0.0
1TZH_V:AL,1TZH:AL:0.0,1TZH:V:0.0
4V1D_A:B,4V1D:E:6.3902015686,4V1D:B:0.0
4ZYP_A:KN,4ZYP:A:0.0,4ZYP:KN:0.0
5C7K_A:B,4P9M:L:6.69022130966,5V8M:S:5.10794019699
5FHC_J:K,5JQB:!:0.0,5FHA:!:0.0
5FYL_B:D,5FYL:B:0.0,5V8M:S:3.47665476799
5JSA_A:B,4P9M:L:6.49725198746,5JSA:E:5.82475280762
